CaseType,PeriodKey,ProductID,LineID,OEE,GoodUnits,FirmDemand,GrossGap,OpeningAvailableInventory,InventoryAbsorbed,RecoveredUnits,SubstitutedUnits,PotentialLostSalesUnits,RevenueExposure,CMExposure,RecoveryCost,NetCMOpportunity,ManagementAction
no-impact,202401,P8,L2,0.8413,12586,11653,0.0,875.0,0.0,0.0,0.0,0.0,0.0,0.0,0.0,0.0,Monitor only - no financial impact
no-impact,202401,P7,L3,0.8474,12609,9704,0.0,726.0,0.0,0.0,0.0,0.0,0.0,0.0,0.0,0.0,Monitor only - no financial impact
no-impact,202401,P1,L1,0.8683,22513,22491,0.0,889.0,0.0,0.0,0.0,0.0,0.0,0.0,0.0,0.0,Monitor only - no financial impact
financial-impact,202408,P3,L2,0.8085,22637,29274,6637.0,0.0,0.0,1327.4,0.0,5309.6,591020.75,166252.75,9955.5,31607.688640890374,Prioritize downtime/scrap reduction on bottleneck line; verify backlog vs permanent lost sales
financial-impact,202408,P2,L1,0.8649,37788,44798,7010.0,0.0,0.0,1402.0,0.0,5608.0,444406.74,164006.74,10515.0,30486.685684758857,Prioritize downtime/scrap reduction on bottleneck line; verify backlog vs permanent lost sales
financial-impact,202407,P3,L2,0.8232,20745,25960,5215.0,0.0,0.0,1043.0,647.0833333333394,3524.9166666666606,392364.57,110371.23,16881.66666666675,36037.76410187203,Prioritize downtime/scrap reduction on bottleneck line; verify backlog vs permanent lost sales
financial-impact,202409,P2,L1,0.8475,28005,31613,3608.0,0.0,0.0,721.6,0.0,2886.4,228733.17,84413.17,5412.000000000001,15691.292717633376,Prioritize downtime/scrap reduction on bottleneck line; verify backlog vs permanent lost sales
financial-impact,202409,P3,L2,0.8318,19964,24455,4491.0,0.0,0.0,898.2,1033.7499999999977,2559.0500000000025,284852.28,80128.28,21208.99999999997,39283.69421031196,Prioritize downtime/scrap reduction on bottleneck line; verify backlog vs permanent lost sales
recovery-protected,202401,P3,L2,0.8161,23178,23600,422.0,1088.0,422.0,0.0,0.0,0.0,0.0,0.0,0.0,0.0,Monitor only - no financial impact
recovery-protected,202402,P3,L2,0.7976,20737,22090,1353.0,666.0,666.0,137.4,549.6,0.0,0.0,0.0,7859.1,13652.05759853223,Monitor only - no financial impact
recovery-protected,202402,P1,L1,0.8533,28680,29100,420.0,911.0,420.0,0.0,0.0,0.0,0.0,0.0,0.0,0.0,Monitor only - no financial impact
recovery-protected,202403,P8,L2,0.8565,14132,15232,1100.0,2560.0,1100.0,0.0,0.0,0.0,0.0,0.0,0.0,0.0,Monitor only - no financial impact
bottleneck,202403,P8,L2,0.8565,14132,15232,1100.0,2560.0,1100.0,0.0,0.0,0.0,0.0,0.0,0.0,0.0,Monitor only - no financial impact
bottleneck,202403,P3,L2,0.8158,22191,27344,5153.0,0.0,0.0,1030.6000000000001,2595.4166666666674,1526.9833333333322,169971.15,47812.49,44065.33333333335,69471.51669806577,Prioritize downtime/scrap reduction on bottleneck line; verify backlog vs permanent lost sales
bottleneck,202403,P6,L2,0.8369,25043,27744,2701.0,3926.0,2701.0,0.0,0.0,0.0,0.0,0.0,0.0,0.0,Monitor only - no financial impact
non-bottleneck,202401,P3,L2,0.8161,23178,23600,422.0,1088.0,422.0,0.0,0.0,0.0,0.0,0.0,0.0,0.0,Monitor only - no financial impact
non-bottleneck,202402,P3,L2,0.7976,20737,22090,1353.0,666.0,666.0,137.4,549.6,0.0,0.0,0.0,7859.1,13652.05759853223,Monitor only - no financial impact
non-bottleneck,202402,P1,L1,0.8533,28680,29100,420.0,911.0,420.0,0.0,0.0,0.0,0.0,0.0,0.0,0.0,Monitor only - no financial impact
