PeriodKey,ProductID,LineID,GrossGap,InventoryAbsorbed,Baseline_LostUnits,Baseline_CMExposure,Action_RecoveredUnits,Action_SubstitutedUnits,Action_LostUnits,Action_CMExposure,Action_ProtectedCM,Action_RecoveryCost,Action_NetCMOpportunity,Delta_LostUnits_Avoided,Delta_CMExposure_Avoided,Delta_NetOperationalCM,MitigationHours,ProtectedCM_per_ConstrainedHour,NetCM_per_ConstrainedHour,P_REALIZE,Expected_RiskAdjustedCM,RecommendedAction
202401,P8,L2,0.0,0.0,0.0,0.0,0.0,0.0,0.0,0.0,0.0,0.0,0.0,0.0,0.0,0.0,0.0,,,0.65,0.0,A0_do_nothing_or_accept
202401,P7,L3,0.0,0.0,0.0,0.0,0.0,0.0,0.0,0.0,0.0,0.0,0.0,0.0,0.0,0.0,0.0,,,0.65,0.0,A0_do_nothing_or_accept
202401,P3,L2,422.0,422.0,0.0,0.0,0.0,0.0,0.0,0.0,0.0,0.0,0.0,0.0,0.0,0.0,0.0,,,0.65,0.0,A0_do_nothing_or_accept
202401,P1,L1,0.0,0.0,0.0,0.0,0.0,0.0,0.0,0.0,0.0,0.0,0.0,0.0,0.0,0.0,0.0,,,0.65,0.0,A0_do_nothing_or_accept
202401,P2,L1,0.0,0.0,0.0,0.0,0.0,0.0,0.0,0.0,0.0,0.0,0.0,0.0,0.0,0.0,0.0,,,0.65,0.0,A0_do_nothing_or_accept
202401,P6,L2,0.0,0.0,0.0,0.0,0.0,0.0,0.0,0.0,0.0,0.0,0.0,0.0,0.0,0.0,0.0,,,0.65,0.0,A0_do_nothing_or_accept
202401,P5,L3,0.0,0.0,0.0,0.0,0.0,0.0,0.0,0.0,0.0,0.0,0.0,0.0,0.0,0.0,0.0,,,0.65,0.0,A0_do_nothing_or_accept
202401,P4,L3,0.0,0.0,0.0,0.0,0.0,0.0,0.0,0.0,0.0,0.0,0.0,0.0,0.0,0.0,0.0,,,0.65,0.0,A0_do_nothing_or_accept
202402,P8,L2,0.0,0.0,0.0,0.0,0.0,0.0,0.0,0.0,0.0,0.0,0.0,0.0,0.0,0.0,0.0,,,0.65,0.0,A0_do_nothing_or_accept
202402,P7,L3,0.0,0.0,0.0,0.0,0.0,0.0,0.0,0.0,0.0,0.0,0.0,0.0,0.0,0.0,0.0,,,0.65,0.0,A0_do_nothing_or_accept
202402,P3,L2,1353.0,666.0,687.0,21511.16,137.4,549.6,0.0,0.0,21511.16,7859.1,13652.06,687.0,21511.16,13652.06,9.4098,2286.04,1450.84,0.65,8873.84,A2_A3_recover_and_divert
202402,P1,L1,420.0,420.0,0.0,0.0,0.0,0.0,0.0,0.0,0.0,0.0,0.0,0.0,0.0,0.0,0.0,,,0.65,0.0,A0_do_nothing_or_accept
202402,P2,L1,0.0,0.0,0.0,0.0,0.0,0.0,0.0,0.0,0.0,0.0,0.0,0.0,0.0,0.0,0.0,,,0.65,0.0,A0_do_nothing_or_accept
202402,P6,L2,0.0,0.0,0.0,0.0,0.0,0.0,0.0,0.0,0.0,0.0,0.0,0.0,0.0,0.0,0.0,,,0.65,0.0,A0_do_nothing_or_accept
202402,P5,L3,0.0,0.0,0.0,0.0,0.0,0.0,0.0,0.0,0.0,0.0,0.0,0.0,0.0,0.0,0.0,,,0.65,0.0,A0_do_nothing_or_accept
202402,P4,L3,0.0,0.0,0.0,0.0,0.0,0.0,0.0,0.0,0.0,0.0,0.0,0.0,0.0,0.0,0.0,,,0.65,0.0,A0_do_nothing_or_accept
202403,P8,L2,1100.0,1100.0,0.0,0.0,0.0,0.0,0.0,0.0,0.0,0.0,0.0,0.0,0.0,0.0,0.0,,,0.65,0.0,A0_do_nothing_or_accept
202403,P7,L3,0.0,0.0,0.0,0.0,0.0,0.0,0.0,0.0,0.0,0.0,0.0,0.0,0.0,0.0,0.0,,,0.65,0.0,A0_do_nothing_or_accept
202403,P3,L2,5153.0,0.0,5153.0,161349.34,1030.6,2595.4167,1526.9833,47812.49,113536.85,44065.33,69471.52,3626.0167,113536.85,69471.52,48.8125,2325.98,1423.23,0.65,45156.49,A2_A3_recover_and_divert
202403,P1,L1,4813.0,491.0,4322.0,133181.55,864.4,3457.6,0.0,0.0,133181.55,54251.1,78930.45,4322.0,133181.55,78930.45,46.303,2876.31,1704.65,0.65,51304.8,A2_A3_recover_and_divert
202403,P2,L1,774.0,774.0,0.0,0.0,0.0,0.0,0.0,0.0,0.0,0.0,0.0,0.0,0.0,0.0,0.0,,,0.65,0.0,A0_do_nothing_or_accept
202403,P6,L2,2701.0,2701.0,0.0,0.0,0.0,0.0,0.0,0.0,0.0,0.0,0.0,0.0,0.0,0.0,0.0,,,0.65,0.0,A0_do_nothing_or_accept
202403,P5,L3,0.0,0.0,0.0,0.0,0.0,0.0,0.0,0.0,0.0,0.0,0.0,0.0,0.0,0.0,0.0,,,0.65,0.0,A0_do_nothing_or_accept
202403,P4,L3,0.0,0.0,0.0,0.0,0.0,0.0,0.0,0.0,0.0,0.0,0.0,0.0,0.0,0.0,0.0,,,0.65,0.0,A0_do_nothing_or_accept
202404,P8,L2,0.0,0.0,0.0,0.0,0.0,0.0,0.0,0.0,0.0,0.0,0.0,0.0,0.0,0.0,0.0,,,0.65,0.0,A0_do_nothing_or_accept
202404,P7,L3,0.0,0.0,0.0,0.0,0.0,0.0,0.0,0.0,0.0,0.0,0.0,0.0,0.0,0.0,0.0,,,0.65,0.0,A0_do_nothing_or_accept
202404,P3,L2,3611.0,0.0,3611.0,113066.65,722.2,2416.6667,472.1333,14783.31,98283.34,39249.83,59033.51,3138.8667,98283.34,59033.51,42.6294,2305.53,1384.81,0.65,38371.78,A2_A3_recover_and_divert
202404,P1,L1,4895.0,0.0,4895.0,150838.43,979.0,3916.0,0.0,0.0,150838.43,62166.5,88671.93,4895.0,150838.43,88671.93,52.3219,2882.89,1694.74,0.65,57636.76,A2_A3_recover_and_divert
202404,P2,L1,332.0,332.0,0.0,0.0,0.0,0.0,0.0,0.0,0.0,0.0,0.0,0.0,0.0,0.0,0.0,,,0.65,0.0,A0_do_nothing_or_accept
202404,P6,L2,2169.0,1225.0,944.0,21340.13,188.8,0.0,755.2,17072.1,4268.03,779.35,3488.68,188.8,4268.03,3488.68,1.9306,2210.78,1807.09,0.65,2267.64,A2_recover_primary
202404,P5,L3,0.0,0.0,0.0,0.0,0.0,0.0,0.0,0.0,0.0,0.0,0.0,0.0,0.0,0.0,0.0,,,0.65,0.0,A0_do_nothing_or_accept
202404,P4,L3,0.0,0.0,0.0,0.0,0.0,0.0,0.0,0.0,0.0,0.0,0.0,0.0,0.0,0.0,0.0,,,0.65,0.0,A0_do_nothing_or_accept
202405,P8,L2,187.0,187.0,0.0,0.0,0.0,0.0,0.0,0.0,0.0,0.0,0.0,0.0,0.0,0.0,0.0,,,0.65,0.0,A0_do_nothing_or_accept
202405,P7,L3,0.0,0.0,0.0,0.0,0.0,0.0,0.0,0.0,0.0,0.0,0.0,0.0,0.0,0.0,0.0,,,0.65,0.0,A0_do_nothing_or_accept
202405,P3,L2,3682.0,0.0,3682.0,115289.78,736.4,2945.6,0.0,0.0,115289.78,46761.4,68528.38,3682.0,115289.78,68528.38,50.4466,2285.38,1358.43,0.65,44543.45,A2_A3_recover_and_divert
202405,P1,L1,4000.0,0.0,4000.0,123259.19,800.0,3200.0,0.0,0.0,123259.19,50800.0,72459.19,4000.0,123259.19,72459.19,42.8359,2877.47,1691.55,0.65,47098.47,A2_A3_recover_and_divert
202405,P2,L1,0.0,0.0,0.0,0.0,0.0,0.0,0.0,0.0,0.0,0.0,0.0,0.0,0.0,0.0,0.0,,,0.65,0.0,A0_do_nothing_or_accept
202405,P6,L2,1559.0,0.0,1559.0,35242.86,311.8,0.0,1247.2,28194.29,7048.57,2338.5,4710.07,311.8,7048.57,4710.07,3.162,2229.13,1489.58,0.65,3061.55,A2_recover_primary
202405,P5,L3,0.0,0.0,0.0,0.0,0.0,0.0,0.0,0.0,0.0,0.0,0.0,0.0,0.0,0.0,0.0,,,0.65,0.0,A0_do_nothing_or_accept
202405,P4,L3,0.0,0.0,0.0,0.0,0.0,0.0,0.0,0.0,0.0,0.0,0.0,0.0,0.0,0.0,0.0,,,0.65,0.0,A0_do_nothing_or_accept
202406,P8,L2,420.0,420.0,0.0,0.0,0.0,0.0,0.0,0.0,0.0,0.0,0.0,0.0,0.0,0.0,0.0,,,0.65,0.0,A0_do_nothing_or_accept
202406,P7,L3,0.0,0.0,0.0,0.0,0.0,0.0,0.0,0.0,0.0,0.0,0.0,0.0,0.0,0.0,0.0,,,0.65,0.0,A0_do_nothing_or_accept
202406,P3,L2,2298.0,0.0,2298.0,71954.35,459.6,1575.1667,263.2333,8242.29,63712.06,25499.33,38212.73,2034.7667,63712.06,38212.73,27.7688,2294.38,1376.1,0.65,24838.27,A2_A3_recover_and_divert
202406,P1,L1,2695.0,0.0,2695.0,83045.88,539.0,2156.0,0.0,0.0,83045.88,34226.5,48819.38,2695.0,83045.88,48819.38,28.8159,2881.94,1694.18,0.65,31732.6,A2_A3_recover_and_divert
202406,P2,L1,2178.0,2178.0,0.0,0.0,0.0,0.0,0.0,0.0,0.0,0.0,0.0,0.0,0.0,0.0,0.0,,,0.65,0.0,A0_do_nothing_or_accept
202406,P6,L2,3544.0,0.0,3544.0,80115.9,708.8,0.0,2835.2,64092.72,16023.18,5316.0,10707.18,708.8,16023.18,10707.18,7.1875,2229.31,1489.69,0.65,6959.67,A2_recover_primary
202406,P5,L3,0.0,0.0,0.0,0.0,0.0,0.0,0.0,0.0,0.0,0.0,0.0,0.0,0.0,0.0,0.0,,,0.65,0.0,A0_do_nothing_or_accept
202406,P4,L3,0.0,0.0,0.0,0.0,0.0,0.0,0.0,0.0,0.0,0.0,0.0,0.0,0.0,0.0,0.0,,,0.65,0.0,A0_do_nothing_or_accept
202407,P8,L2,1186.0,1142.0,44.0,1609.58,8.8,0.0,35.2,1287.66,321.92,17.6,304.32,8.8,321.92,304.32,0.1757,1832.7,1732.5,0.65,197.8,A2_recover_primary
202407,P7,L3,0.0,0.0,0.0,0.0,0.0,0.0,0.0,0.0,0.0,0.0,0.0,0.0,0.0,0.0,0.0,,,0.65,0.0,A0_do_nothing_or_accept
202407,P3,L2,5215.0,0.0,5215.0,163290.67,1043.0,647.0833,3524.9167,110371.23,52919.43,16881.67,36037.76,1690.0833,52919.44,36037.76,20.8977,2532.3,1724.48,0.65,23424.55,A2_A3_recover_and_divert
202407,P1,L1,5716.0,0.0,5716.0,176137.38,1143.2,2484.8182,2087.9818,64340.74,111796.65,43361.45,68435.19,3628.0182,111796.64,68435.19,38.0721,2936.45,1797.52,0.65,44482.87,A2_A3_recover_and_divert
202407,P2,L1,4828.0,3411.0,1417.0,41440.36,283.4,0.0,1133.6,33152.29,8288.07,776.8,7511.27,283.4,8288.07,7511.27,2.2009,3765.74,3412.8,0.65,4882.33,A2_recover_primary
202407,P6,L2,3066.0,0.0,3066.0,69310.2,613.2,0.0,2452.8,55448.16,13862.04,4599.0,9263.04,613.2,13862.04,9263.04,6.2228,2227.63,1488.57,0.65,6020.98,A2_recover_primary
202407,P5,L3,387.0,387.0,0.0,0.0,0.0,0.0,0.0,0.0,0.0,0.0,0.0,0.0,0.0,0.0,0.0,,,0.65,0.0,A0_do_nothing_or_accept
202407,P4,L3,0.0,0.0,0.0,0.0,0.0,0.0,0.0,0.0,0.0,0.0,0.0,0.0,0.0,0.0,0.0,,,0.65,0.0,A0_do_nothing_or_accept
202408,P8,L2,922.0,0.0,922.0,33727.94,184.4,0.0,737.6,26982.35,6745.59,1383.0,5362.59,184.4,6745.59,5362.59,3.7213,1812.71,1441.07,0.65,3485.68,A2_recover_primary
202408,P7,L3,146.0,146.0,0.0,0.0,0.0,0.0,0.0,0.0,0.0,0.0,0.0,0.0,0.0,0.0,0.0,,,0.65,0.0,A0_do_nothing_or_accept
202408,P3,L2,6637.0,0.0,6637.0,207815.94,1327.4,0.0,5309.6,166252.75,41563.19,9955.5,31607.69,1327.4,41563.19,31607.69,15.0324,2764.91,2102.64,0.65,20545.0,A2_recover_primary
202408,P1,L1,4607.0,0.0,4607.0,141963.77,921.4,3322.3091,363.2909,11194.74,130769.04,53422.83,77346.21,4243.7091,130769.03,77346.21,45.3749,2881.97,1704.6,0.65,50275.04,A2_A3_recover_and_divert
202408,P2,L1,7010.0,0.0,7010.0,205008.43,1402.0,0.0,5608.0,164006.74,41001.69,10515.0,30486.69,1402.0,41001.69,30486.69,10.927,3752.32,2790.03,0.65,19816.35,A2_recover_primary
202408,P6,L2,3376.0,0.0,3376.0,76318.08,675.2,0.0,2700.8,61054.46,15263.62,5064.0,10199.62,675.2,15263.62,10199.62,6.9101,2208.89,1476.05,0.65,6629.75,A2_recover_primary
202408,P5,L3,2261.0,2261.0,0.0,0.0,0.0,0.0,0.0,0.0,0.0,0.0,0.0,0.0,0.0,0.0,0.0,,,0.65,0.0,A0_do_nothing_or_accept
202408,P4,L3,0.0,0.0,0.0,0.0,0.0,0.0,0.0,0.0,0.0,0.0,0.0,0.0,0.0,0.0,0.0,,,0.65,0.0,A0_do_nothing_or_accept
202409,P8,L2,2133.0,0.0,2133.0,78027.87,426.6,0.0,1706.4,62422.3,15605.57,3199.5,12406.07,426.6,15605.57,12406.07,8.3926,1859.43,1478.21,0.65,8063.95,A2_recover_primary
202409,P7,L3,0.0,0.0,0.0,0.0,0.0,0.0,0.0,0.0,0.0,0.0,0.0,0.0,0.0,0.0,0.0,,,0.65,0.0,A0_do_nothing_or_accept
202409,P3,L2,4491.0,0.0,4491.0,140620.97,898.2,1033.75,2559.05,80128.28,60492.69,21209.0,39283.69,1931.95,60492.69,39283.69,24.9334,2426.17,1575.54,0.65,25534.4,A2_A3_recover_and_divert
202409,P1,L1,4805.0,0.0,4805.0,148065.1,961.0,1821.6818,2022.3182,62317.33,85747.78,32711.05,53036.73,2782.6818,85747.77,53036.73,28.9178,2965.23,1834.05,0.65,34473.88,A2_A3_recover_and_divert
202409,P2,L1,3608.0,0.0,3608.0,105516.46,721.6,0.0,2886.4,84413.17,21103.29,5412.0,15691.29,721.6,21103.29,15691.29,5.6441,3738.99,2780.11,0.65,10199.34,A2_recover_primary
202409,P6,L2,3008.0,0.0,3008.0,67999.05,601.6,0.0,2406.4,54399.24,13599.81,4512.0,9087.81,601.6,13599.81,9087.81,6.2074,2190.92,1464.04,0.65,5907.08,A2_recover_primary
202409,P5,L3,0.0,0.0,0.0,0.0,0.0,0.0,0.0,0.0,0.0,0.0,0.0,0.0,0.0,0.0,0.0,,,0.65,0.0,A0_do_nothing_or_accept
202409,P4,L3,0.0,0.0,0.0,0.0,0.0,0.0,0.0,0.0,0.0,0.0,0.0,0.0,0.0,0.0,0.0,,,0.65,0.0,A0_do_nothing_or_accept
202410,P8,L2,0.0,0.0,0.0,0.0,0.0,0.0,0.0,0.0,0.0,0.0,0.0,0.0,0.0,0.0,0.0,,,0.65,0.0,A0_do_nothing_or_accept
202410,P7,L3,0.0,0.0,0.0,0.0,0.0,0.0,0.0,0.0,0.0,0.0,0.0,0.0,0.0,0.0,0.0,,,0.65,0.0,A0_do_nothing_or_accept
202410,P3,L2,3107.0,0.0,3107.0,97285.54,621.4,2455.0833,30.5167,955.53,96330.01,39031.67,57298.34,3076.4833,96330.01,57298.34,42.0791,2289.26,1361.68,0.65,37243.92,A2_A3_recover_and_divert
202410,P1,L1,5201.0,0.0,5201.0,160267.76,1040.2,4160.8,0.0,0.0,160267.76,66052.7,94215.06,5201.0,160267.76,94215.06,55.6959,2877.55,1691.6,0.65,61239.79,A2_A3_recover_and_divert
202410,P2,L1,1250.0,0.0,1250.0,36556.42,250.0,0.0,1000.0,29245.14,7311.28,1875.0,5436.28,250.0,7311.28,5436.28,1.9522,3745.22,2784.75,0.65,3533.59,A2_recover_primary
202410,P6,L2,1401.0,0.0,1401.0,31671.1,280.2,0.0,1120.8,25336.88,6334.22,2101.5,4232.72,280.2,6334.22,4232.72,2.8929,2189.58,1463.14,0.65,2751.27,A2_recover_primary
202410,P5,L3,0.0,0.0,0.0,0.0,0.0,0.0,0.0,0.0,0.0,0.0,0.0,0.0,0.0,0.0,0.0,,,0.65,0.0,A0_do_nothing_or_accept
202410,P4,L3,0.0,0.0,0.0,0.0,0.0,0.0,0.0,0.0,0.0,0.0,0.0,0.0,0.0,0.0,0.0,,,0.65,0.0,A0_do_nothing_or_accept
202411,P8,L2,0.0,0.0,0.0,0.0,0.0,0.0,0.0,0.0,0.0,0.0,0.0,0.0,0.0,0.0,0.0,,,0.65,0.0,A0_do_nothing_or_accept
202411,P7,L3,0.0,0.0,0.0,0.0,0.0,0.0,0.0,0.0,0.0,0.0,0.0,0.0,0.0,0.0,0.0,,,0.65,0.0,A0_do_nothing_or_accept
202411,P3,L2,2130.0,0.0,2130.0,66693.98,426.0,1704.0,0.0,0.0,66693.98,27051.0,39642.98,2130.0,66693.98,39642.98,29.1145,2290.75,1361.62,0.65,25767.94,A2_A3_recover_and_divert
202411,P1,L1,222.0,0.0,222.0,6840.89,44.4,177.6,0.0,0.0,6840.89,2819.4,4021.49,222.0,6840.89,4021.49,2.3797,2874.65,1689.89,0.65,2613.97,A2_A3_recover_and_divert
202411,P2,L1,0.0,0.0,0.0,0.0,0.0,0.0,0.0,0.0,0.0,0.0,0.0,0.0,0.0,0.0,0.0,,,0.65,0.0,A0_do_nothing_or_accept
202411,P6,L2,1796.0,0.0,1796.0,40600.49,359.2,0.0,1436.8,32480.4,8120.1,2694.0,5426.1,359.2,8120.09,5426.1,3.6881,2201.71,1471.25,0.65,3526.96,A2_recover_primary
202411,P5,L3,0.0,0.0,0.0,0.0,0.0,0.0,0.0,0.0,0.0,0.0,0.0,0.0,0.0,0.0,0.0,,,0.65,0.0,A0_do_nothing_or_accept
202411,P4,L3,0.0,0.0,0.0,0.0,0.0,0.0,0.0,0.0,0.0,0.0,0.0,0.0,0.0,0.0,0.0,,,0.65,0.0,A0_do_nothing_or_accept
202412,P8,L2,161.0,161.0,0.0,0.0,0.0,0.0,0.0,0.0,0.0,0.0,0.0,0.0,0.0,0.0,0.0,,,0.65,0.0,A0_do_nothing_or_accept
202412,P7,L3,0.0,0.0,0.0,0.0,0.0,0.0,0.0,0.0,0.0,0.0,0.0,0.0,0.0,0.0,0.0,,,0.65,0.0,A0_do_nothing_or_accept
202412,P3,L2,2790.0,0.0,2790.0,87359.72,558.0,2232.0,0.0,0.0,87359.72,35433.0,51926.72,2790.0,87359.72,51926.72,38.1249,2291.41,1362.02,0.65,33752.37,A2_A3_recover_and_divert
202412,P1,L1,3046.0,0.0,3046.0,93861.87,609.2,2436.8,0.0,0.0,93861.87,38684.2,55177.67,3046.0,93861.87,55177.67,32.6281,2876.72,1691.11,0.65,35865.49,A2_A3_recover_and_divert
202412,P2,L1,0.0,0.0,0.0,0.0,0.0,0.0,0.0,0.0,0.0,0.0,0.0,0.0,0.0,0.0,0.0,,,0.65,0.0,A0_do_nothing_or_accept
202412,P6,L2,931.0,0.0,931.0,21046.25,186.2,0.0,744.8,16837.0,4209.25,1396.5,2812.75,186.2,4209.25,2812.75,1.9345,2175.92,1454.02,0.65,1828.29,A2_recover_primary
202412,P5,L3,0.0,0.0,0.0,0.0,0.0,0.0,0.0,0.0,0.0,0.0,0.0,0.0,0.0,0.0,0.0,,,0.65,0.0,A0_do_nothing_or_accept
202412,P4,L3,0.0,0.0,0.0,0.0,0.0,0.0,0.0,0.0,0.0,0.0,0.0,0.0,0.0,0.0,0.0,,,0.65,0.0,A0_do_nothing_or_accept
