PeriodKey,ProductID,LineID,PlannedH,RunH,GoodUnits,ScrapUnits,OEE,LineUtilization,Bottleneck,FirmDemand,PrimarySupply,OpeningAvailableInventory,GrossGap,InventoryAbsorbed,RecoveredUnits,SubstitutedUnits,ResidualGap,PotentialLostSalesUnits,RevenueExposure,CMExposure,ProtectedCM,RecoveryCost,NetCMOpportunity,AltLineID,AltRate,CMUnit,ExpNetPrice,AvgInventory,HoldingCost,NetCM_after_Holding,IncrementalHoldingCost,NetCM_after_IncrementalHolding
202401,P8,L2,272,247.953,12586,379,0.8413185735294116,0.7967940272288099,0,11653,12586.0,875.0,0.0,0.0,0.0,0.0,0.0,0.0,0.0,0.0,0.0,0.0,0.0,,0.0,36.58127962247141,166.5812796224714,1341.5,2615.9249999999997,-2615.9249999999997,0.0,0.0
202401,P7,L3,248,230.586,12609,386,0.8473959798387098,0.6766418918918918,0,9704,12609.0,726.0,0.0,0.0,0.0,0.0,0.0,0.0,0.0,0.0,0.0,0.0,0.0,L4,45.0,34.49925118343401,139.499251183434,2178.5,3431.1375,-3431.1375,0.0,0.0
202401,P3,L2,284,259.888,23178,1484,0.8161267605633804,0.7967940272288099,0,23600,23178.0,1088.0,422.0,422.0,0.0,0.0,0.0,0.0,0.0,0.0,0.0,0.0,0.0,L1,70.0,31.3117286732638,111.3117286732638,877.0,1052.3999999999999,-1052.3999999999999,506.39999999999986,-506.39999999999986
202401,P1,L1,216,202.189,22513,747,0.8682689037785425,0.8078525641025642,0,22491,22513.0,889.0,0.0,0.0,0.0,0.0,0.0,0.0,0.0,0.0,0.0,0.0,0.0,L2,90.0,30.814797510247658,92.81479751024766,900.0,837.0,-837.0,0.0,0.0
202401,P2,L1,252,229.677,29702,935,0.8418210217347986,0.8078525641025642,0,26691,29702.0,1068.0,0.0,0.0,0.0,0.0,0.0,0.0,0.0,0.0,0.0,0.0,0.0,,0.0,29.24513957543428,79.24513957543428,2573.5,1930.125,-1930.125,0.0,0.0
202401,P6,L2,272,252.226,24519,1532,0.8194934889705883,0.7967940272288099,0,23306,24519.0,1672.0,0.0,0.0,0.0,0.0,0.0,0.0,0.0,0.0,0.0,0.0,0.0,,0.0,22.606066110897785,88.60606611089779,2278.5,2255.7149999999997,-2255.7149999999997,0.0,0.0
202401,P5,L3,240,225.114,37476,1142,0.8675694,0.6766418918918918,0,32277,37476.0,2193.0,0.0,0.0,0.0,0.0,0.0,0.0,0.0,0.0,0.0,0.0,0.0,L4,130.0,20.494192566162766,69.49419256616277,4792.5,3522.4874999999997,-3522.4874999999997,0.0,0.0
202401,P4,L3,252,234.498,42782,1494,0.8488492063492062,0.6766418918918918,0,31933,42782.0,2146.0,0.0,0.0,0.0,0.0,0.0,0.0,0.0,0.0,0.0,0.0,0.0,L4,150.0,17.96853341205744,55.96853341205744,7570.5,4315.1849999999995,-4315.1849999999995,0.0,0.0
202402,P8,L2,256,233.162,11685,334,0.8299088671875,0.8076423576423577,0,10933,11685.0,1808.0,0.0,0.0,0.0,0.0,0.0,0.0,0.0,0.0,0.0,0.0,0.0,,0.0,36.58127962247141,166.5812796224714,2184.0,4258.8,-4258.8,0.0,0.0
202402,P7,L3,252,234.131,12961,387,0.8572160492072753,0.653118961352657,0,10758,12961.0,3631.0,0.0,0.0,0.0,0.0,0.0,0.0,0.0,0.0,0.0,0.0,0.0,L4,45.0,34.49925118343401,139.499251183434,4732.5,7453.6875,-7453.6875,0.0,0.0
202402,P3,L2,260,235.192,20737,1248,0.797551525503593,0.8076423576423577,0,22090,20737.0,666.0,1353.0,666.0,137.4,549.6,0.0,0.0,0.0,0.0,21511.15759853223,7859.1,13652.05759853223,L1,70.0,31.3117286732638,111.3117286732638,333.0,399.59999999999997,13252.45759853223,799.1999999999999,12852.85759853223
202402,P1,L1,280,259.766,28680,771,0.8533030515800323,0.8418509070294785,0,29100,28680.0,911.0,420.0,420.0,0.0,0.0,0.0,0.0,0.0,0.0,0.0,0.0,0.0,L2,90.0,30.814797510247658,92.81479751024766,701.0,651.93,-651.93,390.59999999999997,-390.59999999999997
202402,P2,L1,224,211.0,27237,828,0.8685441562499999,0.8418509070294785,0,25451,27237.0,4079.0,0.0,0.0,0.0,0.0,0.0,0.0,0.0,0.0,0.0,0.0,0.0,,0.0,29.24513957543428,79.24513957543428,4972.0,3729.0,-3729.0,0.0,0.0
202402,P6,L2,212,197.482,19552,1127,0.8384303396226415,0.8076423576423577,0,18511,19552.0,2885.0,0.0,0.0,0.0,0.0,0.0,0.0,0.0,0.0,0.0,0.0,0.0,,0.0,22.606066110897785,88.60606611089779,3405.5,3371.4449999999997,-3371.4449999999997,0.0,0.0
202402,P5,L3,236,211.116,35111,919,0.8265034509692558,0.653118961352657,0,27424,35111.0,7392.0,0.0,0.0,0.0,0.0,0.0,0.0,0.0,0.0,0.0,0.0,0.0,L4,130.0,20.494192566162766,69.49419256616277,11235.5,8258.092499999999,-8258.092499999999,0.0,0.0
202402,P4,L3,248,228.61,42536,1262,0.8572063329377495,0.653118961352657,0,29808,42536.0,12995.0,0.0,0.0,0.0,0.0,0.0,0.0,0.0,0.0,0.0,0.0,0.0,L4,150.0,17.96853341205744,55.96853341205744,19359.0,11034.63,-11034.63,0.0,0.0
202403,P8,L2,300,281.662,14132,353,0.8564934133333334,0.950952175786299,1,15232,14132.0,2560.0,1100.0,1100.0,0.0,0.0,0.0,0.0,0.0,0.0,0.0,0.0,0.0,,0.0,36.58127962247141,166.5812796224714,2010.0,3919.5,-3919.5,2145.0,-2145.0
202403,P7,L3,284,261.145,14546,432,0.8535800415041739,0.7202675150519977,0,12523,14546.0,5834.0,0.0,0.0,0.0,0.0,0.0,0.0,0.0,0.0,0.0,0.0,0.0,L4,45.0,34.49925118343401,139.499251183434,6845.5,10781.6625,-10781.6625,0.0,0.0
202403,P3,L2,272,252.683,22191,1521,0.8158455882352942,0.950952175786299,1,27344,22191.0,0.0,5153.0,0.0,1030.6000000000001,2595.4166666666674,1526.9833333333322,1526.9833333333322,169971.15,47812.49,113536.85003139911,44065.33333333335,69471.51669806577,L1,70.0,31.3117286732638,111.3117286732638,0.0,0.0,69471.51669806577,0.0,69471.51669806577
202403,P1,L1,224,208.204,22824,771,0.8483204245528405,0.9281446105574013,0,27637,22824.0,491.0,4813.0,491.0,864.4000000000001,3457.6,0.0,0.0,0.0,0.0,133181.5548392904,54251.100000000006,78930.45483929038,L2,90.0,30.814797510247658,92.81479751024766,245.5,228.315,78702.13983929038,456.63,78473.82483929038
202403,P2,L1,292,266.40999999999997,34032,1199,0.832438219151327,0.9281446105574013,0,34806,34032.0,5865.0,774.0,774.0,0.0,0.0,0.0,0.0,0.0,0.0,0.0,0.0,0.0,,0.0,29.24513957543428,79.24513957543428,5478.0,4108.5,-4108.5,580.5,-580.5
202403,P6,L2,272,256.442,25043,1619,0.8368998397135284,0.950952175786299,1,27744,25043.0,3926.0,2701.0,2701.0,0.0,0.0,0.0,0.0,0.0,0.0,0.0,0.0,0.0,,0.0,22.606066110897785,88.60606611089779,2575.5,2549.745,-2549.745,2673.99,-2673.99
202403,P5,L3,240,222.267,36516,1269,0.845261897786035,0.7202675150519977,0,33247,36516.0,15079.0,0.0,0.0,0.0,0.0,0.0,0.0,0.0,0.0,0.0,0.0,0.0,L4,130.0,20.494192566162766,69.49419256616277,16713.5,12284.422499999999,-12284.422499999999,0.0,0.0
202403,P4,L3,288,263.671,48300,1628,0.8385416666666665,0.7202675150519977,0,38287,48300.0,25723.0,0.0,0.0,0.0,0.0,0.0,0.0,0.0,0.0,0.0,0.0,0.0,L4,150.0,17.96853341205744,55.96853341205744,30729.5,17515.815,-17515.815,0.0,0.0
202404,P8,L2,244,220.329,11164,351,0.8314515560458055,0.8921565656565656,0,10875,11164.0,1460.0,0.0,0.0,0.0,0.0,0.0,0.0,0.0,0.0,0.0,0.0,0.0,,0.0,36.58127962247141,166.5812796224714,1604.5,3128.775,-3128.775,0.0,0.0
202404,P7,L3,252,228.345,12670,371,0.8379797222222223,0.7363522376543209,0,11159,12670.0,7857.0,0.0,0.0,0.0,0.0,0.0,0.0,0.0,0.0,0.0,0.0,0.0,L4,45.0,34.49925118343401,139.499251183434,8612.5,13564.6875,-13564.6875,0.0,0.0
202404,P3,L2,208,190.542,16977,1028,0.8162019230769231,0.8921565656565656,0,20588,16977.0,0.0,3611.0,0.0,722.2,2416.666666666666,472.1333333333341,472.1333333333341,52553.98,14783.31,98283.3414082186,39249.83333333332,59033.508074885285,L1,70.0,31.3117286732638,111.3117286732638,0.0,0.0,59033.508074885285,0.0,59033.508074885285
202404,P1,L1,284,263.775,29309,897,0.859971468309859,0.9374568668046929,0,34204,29309.0,0.0,4895.0,0.0,979.0,3916.0,0.0,0.0,0.0,0.0,150838.4338126623,62166.5,88671.93381266229,L2,90.0,30.814797510247658,92.81479751024766,0.0,0.0,88671.93381266229,0.0,88671.93381266229
202404,P2,L1,268,250.35,32210,807,0.8583691503844415,0.9374568668046929,0,32542,32210.0,5091.0,332.0,332.0,0.0,0.0,0.0,0.0,0.0,0.0,0.0,0.0,0.0,,0.0,29.24513957543428,79.24513957543428,4925.0,3693.75,-3693.75,249.0,-249.0
202404,P6,L2,268,246.35999999999999,24093,1508,0.8170676599494383,0.8921565656565656,0,26262,24093.0,1225.0,2169.0,1225.0,188.8,0.0,755.2,755.2,66915.3,17072.1,4268.025281737502,779.35,3488.6752817375022,,0.0,22.606066110897785,88.60606611089779,612.5,606.375,2882.3002817375022,1212.75,2275.9252817375022
202404,P5,L3,300,277.325,45267,1529,0.83834484,0.7363522376543209,0,43110,45267.0,18348.0,0.0,0.0,0.0,0.0,0.0,0.0,0.0,0.0,0.0,0.0,0.0,L4,130.0,20.494192566162766,69.49419256616277,19426.5,14278.477499999999,-14278.477499999999,0.0,0.0
202404,P4,L3,312,288.598,53382,1587,0.8553594039525374,0.7363522376543209,0,42145,53382.0,35736.0,0.0,0.0,0.0,0.0,0.0,0.0,0.0,0.0,0.0,0.0,0.0,L4,150.0,17.96853341205744,55.96853341205744,41354.5,23572.065,-23572.065,0.0,0.0
202405,P8,L2,236,216.591,10900,318,0.8395924655207453,0.9026845063538612,0,11087,10900.0,1749.0,187.0,187.0,0.0,0.0,0.0,0.0,0.0,0.0,0.0,0.0,0.0,,0.0,36.58127962247141,166.5812796224714,1655.5,3228.225,-3228.225,364.65,-364.65
202405,P7,L3,280,259.249,14280,466,0.8500084048763736,0.7084973404255319,0,11785,14280.0,9368.0,0.0,0.0,0.0,0.0,0.0,0.0,0.0,0.0,0.0,0.0,0.0,L4,45.0,34.49925118343401,139.499251183434,10615.5,16719.4125,-16719.4125,0.0,0.0
202405,P3,L2,248,232.172,20435,1364,0.823991935483871,0.9026845063538612,0,24117,20435.0,0.0,3682.0,0.0,736.4000000000001,2945.6,0.0,0.0,0.0,0.0,115289.7849749573,46761.4,68528.3849749573,L1,70.0,31.3117286732638,111.3117286732638,0.0,0.0,68528.3849749573,0.0,68528.3849749573
202405,P1,L1,244,226.86599999999999,24929,739,0.8513662172131148,0.8993015552995393,0,28929,24929.0,0.0,4000.0,0.0,800.0,3200.0,0.0,0.0,0.0,0.0,123259.19004099064,50800.0,72459.19004099064,L2,90.0,30.814797510247658,92.81479751024766,0.0,0.0,72459.19004099064,0.0,72459.19004099064
202405,P2,L1,252,228.85,29527,795,0.836918256132756,0.8993015552995393,0,28697,29527.0,4759.0,0.0,0.0,0.0,0.0,0.0,0.0,0.0,0.0,0.0,0.0,0.0,,0.0,29.24513957543428,79.24513957543428,5174.0,3880.5,-3880.5,0.0,0.0
202405,P6,L2,260,239.474,23614,1397,0.8256725923076924,0.9026845063538612,0,25173,23614.0,0.0,1559.0,0.0,311.8,0.0,1247.2,1247.2,110509.49,28194.29,7048.57141337793,2338.5000000000005,4710.071413377929,,0.0,22.606066110897785,88.60606611089779,0.0,0.0,4710.071413377929,0.0,4710.071413377929
202405,P5,L3,248,229.173,38051,1061,0.8524651451612903,0.7084973404255319,0,33936,38051.0,20505.0,0.0,0.0,0.0,0.0,0.0,0.0,0.0,0.0,0.0,0.0,0.0,L4,130.0,20.494192566162766,69.49419256616277,22562.5,16583.4375,-16583.4375,0.0,0.0
202405,P4,L3,224,205.987,37542,1133,0.8379910714285713,0.7084973404255319,0,29568,37542.0,46973.0,0.0,0.0,0.0,0.0,0.0,0.0,0.0,0.0,0.0,0.0,0.0,L4,150.0,17.96853341205744,55.96853341205744,50960.0,29047.2,-29047.2,0.0,0.0
202406,P8,L2,272,253.398,12785,404,0.8544263888125345,0.912482800982801,0,13205,12785.0,1562.0,420.0,420.0,0.0,0.0,0.0,0.0,0.0,0.0,0.0,0.0,0.0,,0.0,36.58127962247141,166.5812796224714,1352.0,2636.4,-2636.4,819.0000000000001,-819.0000000000001
202406,P7,L3,248,228.904,12626,413,0.848328882863844,0.7792779195011338,0,11308,12626.0,11863.0,0.0,0.0,0.0,0.0,0.0,0.0,0.0,0.0,0.0,0.0,0.0,L4,45.0,34.49925118343401,139.499251183434,12522.0,19722.149999999998,-19722.149999999998,0.0,0.0
202406,P3,L2,216,192.88400000000001,16833,1194,0.7793055555555556,0.912482800982801,0,19131,16833.0,0.0,2298.0,0.0,459.6,1575.1666666666642,263.23333333333585,263.23333333333585,29300.96,8242.29,63712.061780068,25499.3333333333,38212.7284467347,L1,70.0,31.3117286732638,111.3117286732638,0.0,0.0,38212.7284467347,0.0,38212.7284467347
202406,P1,L1,216,199.023,22071,765,0.8507623850207474,0.9453825705039298,0,24766,22071.0,0.0,2695.0,0.0,539.0,2156.0,0.0,0.0,0.0,0.0,83045.87929011743,34226.5,48819.37929011743,L2,90.0,30.814797510247658,92.81479751024766,0.0,0.0,48819.37929011743,0.0,48819.37929011743
202406,P2,L1,196,182.78,23458,709,0.8546585359519685,0.9453825705039298,0,25636,23458.0,5589.0,2178.0,2178.0,0.0,0.0,0.0,0.0,0.0,0.0,0.0,0.0,0.0,,0.0,29.24513957543428,79.24513957543428,4500.0,3375.0,-3375.0,1633.5,-1633.5
202406,P6,L2,252,236.048,23278,1387,0.8397630873015871,0.912482800982801,0,26822,23278.0,0.0,3544.0,0.0,708.8000000000001,0.0,2835.2,2835.2,251215.92,64092.72,16023.179659404352,5316.0,10707.179659404352,,0.0,22.606066110897785,88.60606611089779,0.0,0.0,10707.179659404352,0.0,10707.179659404352
202406,P5,L3,276,259.992,43053,1152,0.86652396237302,0.7792779195011338,0,42619,43053.0,24620.0,0.0,0.0,0.0,0.0,0.0,0.0,0.0,0.0,0.0,0.0,0.0,L4,130.0,20.494192566162766,69.49419256616277,24837.0,18255.195,-18255.195,0.0,0.0
202406,P4,L3,260,244.597,45227,1442,0.86914784810661,0.7792779195011338,0,37143,45227.0,54947.0,0.0,0.0,0.0,0.0,0.0,0.0,0.0,0.0,0.0,0.0,0.0,L4,150.0,17.96853341205744,55.96853341205744,58989.0,33623.729999999996,-33623.729999999996,0.0,0.0
202407,P8,L2,312,293.098,14684,423,0.8557195128205128,0.965140036730946,1,15870,14684.0,1142.0,1186.0,1142.0,8.8,0.0,35.2,35.2,5863.66,1287.66,321.91526067774845,17.6,304.3152606777484,,0.0,36.58127962247141,166.5812796224714,571.0,1113.45,-809.1347393222516,2226.9,-1922.5847393222516
202407,P7,L3,284,263.347,14509,455,0.8514841654929578,0.8034389952153109,0,14314,14509.0,13181.0,0.0,0.0,0.0,0.0,0.0,0.0,0.0,0.0,0.0,0.0,0.0,L4,45.0,34.49925118343401,139.499251183434,13278.5,20913.6375,-20913.6375,0.0,0.0
202407,P3,L2,252,231.789,20745,1335,0.8232142857142857,0.965140036730946,1,25960,20745.0,0.0,5215.0,0.0,1043.0,647.0833333333394,3524.9166666666606,3524.9166666666606,392364.57,110371.23,52919.43076853878,16881.66666666675,36037.76410187203,L1,70.0,31.3117286732638,111.3117286732638,0.0,0.0,36037.76410187203,0.0,36037.76410187203
202407,P1,L1,304,280.016,30595,1018,0.8385970920240416,0.9848953470276999,1,36311,30595.0,0.0,5716.0,0.0,1143.2,2484.818181818173,2087.9818181818273,2087.9818181818273,193795.61,64340.74,111796.64563622387,43361.45454545441,68435.19109076945,L2,90.0,30.814797510247658,92.81479751024766,0.0,0.0,68435.19109076945,0.0,68435.19109076945
202407,P2,L1,308,288.86,37195,1075,0.8623245993242475,0.9848953470276999,1,42023,37195.0,3411.0,4828.0,3411.0,283.40000000000003,0.0,1133.6,1133.6,89832.29,33152.29,8288.072555678076,776.8000000000002,7511.272555678076,,0.0,29.24513957543428,79.24513957543428,1705.5,1279.125,6232.147555678076,2558.25,4953.022555678076
202407,P6,L2,228,210.277,20721,1304,0.826112745902931,0.965140036730946,1,23787,20721.0,0.0,3066.0,0.0,613.2,0.0,2452.8,2452.8,217332.96,55448.16,13862.039739202522,4599.0,9263.039739202522,,0.0,22.606066110897785,88.60606611089779,0.0,0.0,9263.039739202522,0.0,9263.039739202522
202407,P5,L3,268,244.62,40344,1317,0.836385313432836,0.8034389952153109,0,40731,40344.0,25054.0,387.0,387.0,0.0,0.0,0.0,0.0,0.0,0.0,0.0,0.0,0.0,L4,130.0,20.494192566162766,69.49419256616277,24860.5,18272.4675,-18272.4675,284.445,-284.445
202407,P4,L3,284,263.629,48292,1577,0.8502112676056338,0.8034389952153109,0,41365,48292.0,63031.0,0.0,0.0,0.0,0.0,0.0,0.0,0.0,0.0,0.0,0.0,0.0,L4,150.0,17.96853341205744,55.96853341205744,66494.5,37901.865,-37901.865,0.0,0.0
202408,P8,L2,220,199.564,9889,419,0.8172809,0.952429709465792,1,10811,9889.0,0.0,922.0,0.0,184.4,0.0,737.6,737.6,122870.35,26982.35,6745.587962383729,1383.0000000000002,5362.587962383729,,0.0,36.58127962247141,166.5812796224714,0.0,0.0,5362.587962383729,0.0,5362.587962383729
202408,P7,L3,272,251.662,13701,423,0.8395388492647059,0.82389375,0,13847,13701.0,13376.0,146.0,146.0,0.0,0.0,0.0,0.0,0.0,0.0,0.0,0.0,0.0,L4,45.0,34.49925118343401,139.499251183434,13303.0,20952.225,-20952.225,229.95,-229.95
202408,P3,L2,280,256.357,22637,1401,0.8084642857142857,0.952429709465792,1,29274,22637.0,0.0,6637.0,0.0,1327.4,0.0,5309.6,5309.6,591020.75,166252.75,41563.188640890374,9955.5,31607.688640890374,L1,70.0,31.3117286732638,111.3117286732638,0.0,0.0,31607.688640890374,0.0,31607.688640890374
202408,P1,L1,240,216.762,23607,726,0.819602667460091,1.0056202553485163,1,28214,23607.0,0.0,4607.0,0.0,921.4000000000001,3322.309090909088,363.290909090912,363.290909090912,33718.77,11194.74,130769.0363287607,53422.82727272723,77346.20905603348,L2,90.0,30.814797510247658,92.81479751024766,0.0,0.0,77346.20905603348,0.0,77346.20905603348
202408,P2,L1,312,294.515,37788,1316,0.8649060495705041,1.0056202553485163,1,44798,37788.0,0.0,7010.0,0.0,1402.0,0.0,5608.0,5608.0,444406.74,164006.74,41001.68568475886,10515.0,30486.685684758857,,0.0,29.24513957543428,79.24513957543428,0.0,0.0,30486.685684758857,0.0,30486.685684758857
202408,P6,L2,276,246.642,24100,1522,0.7938155797101449,0.952429709465792,1,27476,24100.0,0.0,3376.0,0.0,675.2,0.0,2700.8,2700.8,239307.26,61054.46,15263.615838078185,5064.0,10199.615838078185,,0.0,22.606066110897785,88.60606611089779,0.0,0.0,10199.615838078185,0.0,10199.615838078185
202408,P5,L3,256,237.27100000000002,38935,1113,0.8447907193636889,0.82389375,0,41196,38935.0,24667.0,2261.0,2261.0,0.0,0.0,0.0,0.0,0.0,0.0,0.0,0.0,0.0,L4,130.0,20.494192566162766,69.49419256616277,23536.5,17299.3275,-17299.3275,1661.835,-1661.835
202408,P4,L3,272,250.89,46165,1542,0.8486213235294118,0.82389375,0,39893,46165.0,69958.0,0.0,0.0,0.0,0.0,0.0,0.0,0.0,0.0,0.0,0.0,0.0,L4,150.0,17.96853341205744,55.96853341205744,73094.0,41663.58,-41663.58,0.0,0.0
202409,P8,L2,268,243.969,12401,368,0.8410782532786675,0.9732263107263107,1,14534,12401.0,0.0,2133.0,0.0,426.6,0.0,1706.4,1706.4,284254.3,62422.3,15605.573886946306,3199.500000000001,12406.073886946306,,0.0,36.58127962247141,166.5812796224714,0.0,0.0,12406.073886946306,0.0,12406.073886946306
202409,P7,L3,260,237.165,13074,429,0.8380936846153846,0.8103438438438437,0,12885,13074.0,13230.0,0.0,0.0,0.0,0.0,0.0,0.0,0.0,0.0,0.0,0.0,0.0,L4,45.0,34.49925118343401,139.499251183434,13324.5,20986.087499999998,-20986.087499999998,0.0,0.0
202409,P3,L2,240,225.947,19964,1277,0.8318333333333335,0.9732263107263107,1,24455,19964.0,0.0,4491.0,0.0,898.2,1033.7499999999977,2559.0500000000025,2559.0500000000025,284852.28,80128.28,60492.69421031193,21208.99999999997,39283.69421031196,L1,70.0,31.3117286732638,111.3117286732638,0.0,0.0,39283.69421031196,0.0,39283.69421031196
202409,P1,L1,312,289.705,32086,938,0.8569635833333333,0.9730513555787279,1,36891,32086.0,0.0,4805.0,0.0,961.0,1821.681818181819,2022.318181818181,2022.318181818181,187701.05,62317.33,85747.77676272055,32711.045454545463,53036.73130817508,L2,90.0,30.814797510247658,92.81479751024766,0.0,0.0,53036.73130817508,0.0,53036.73130817508
202409,P2,L1,236,219.046,28005,878,0.8474848589678725,0.9730513555787279,1,31613,28005.0,0.0,3608.0,0.0,721.6,0.0,2886.4,2886.4,228733.17,84413.17,21103.292717633376,5412.000000000001,15691.292717633376,,0.0,29.24513957543428,79.24513957543428,0.0,0.0,15691.292717633376,0.0,15691.292717633376
202409,P6,L2,248,226.554,21957,1391,0.8048834153225807,0.9732263107263107,1,24965,21957.0,0.0,3008.0,0.0,601.6,0.0,2406.4,2406.4,213221.64,54399.24,13599.809372316107,4512.000000000001,9087.809372316107,,0.0,22.606066110897785,88.60606611089779,0.0,0.0,9087.809372316107,0.0,9087.809372316107
202409,P5,L3,276,253.966,42018,1297,0.8458406086956519,0.8103438438438437,0,41804,42018.0,22406.0,0.0,0.0,0.0,0.0,0.0,0.0,0.0,0.0,0.0,0.0,0.0,L4,130.0,20.494192566162766,69.49419256616277,22513.0,16547.055,-16547.055,0.0,0.0
202409,P4,L3,204,184.897,33940,1183,0.8318115847305105,0.8103438438438437,0,30532,33940.0,76230.0,0.0,0.0,0.0,0.0,0.0,0.0,0.0,0.0,0.0,0.0,0.0,L4,150.0,17.96853341205744,55.96853341205744,77934.0,44422.38,-44422.38,0.0,0.0
202410,P8,L2,236,218.88400000000001,10892,309,0.8391455254237288,0.8816626794258374,0,10879,10892.0,0.0,0.0,0.0,0.0,0.0,0.0,0.0,0.0,0.0,0.0,0.0,0.0,,0.0,36.58127962247141,166.5812796224714,6.5,12.674999999999999,-12.674999999999999,0.0,0.0
202410,P7,L3,236,219.642,11983,378,0.8461250686635294,0.7610639534883721,0,11281,11983.0,13419.0,0.0,0.0,0.0,0.0,0.0,0.0,0.0,0.0,0.0,0.0,0.0,L4,45.0,34.49925118343401,139.499251183434,13770.0,21687.75,-21687.75,0.0,0.0
202410,P3,L2,236,216.294,19183,1239,0.8128389830508477,0.8816626794258374,0,22290,19183.0,0.0,3107.0,0.0,621.4000000000001,2455.083333333331,30.516666666668698,30.516666666668698,3396.86,955.53,96330.01140115147,39031.66666666664,57298.344734484825,L1,70.0,31.3117286732638,111.3117286732638,0.0,0.0,57298.344734484825,0.0,57298.344734484825
202410,P1,L1,300,278.812,30642,970,0.8511326199999999,0.9391100363756615,0,35843,30642.0,0.0,5201.0,0.0,1040.2,4160.8,0.0,0.0,0.0,0.0,160267.76185079807,66052.70000000001,94215.06185079805,L2,90.0,30.814797510247658,92.81479751024766,0.0,0.0,94215.06185079805,0.0,94215.06185079805
202410,P2,L1,276,255.054,32663,865,0.8453326413043478,0.9391100363756615,0,33913,32663.0,0.0,1250.0,0.0,250.0,0.0,1000.0,1000.0,79245.14,29245.14,7311.28489385857,1875.0,5436.28489385857,,0.0,29.24513957543428,79.24513957543428,0.0,0.0,5436.28489385857,0.0,5436.28489385857
202410,P6,L2,288,268.734,26029,1713,0.8215318265053642,0.8816626794258374,0,27430,26029.0,0.0,1401.0,0.0,280.2,0.0,1120.8,1120.8,99309.68,25336.88,6334.219724273559,2101.4999999999995,4232.71972427356,,0.0,22.606066110897785,88.60606611089779,0.0,0.0,4232.71972427356,0.0,4232.71972427356
202410,P5,L3,328,307.246,50654,1423,0.8580293414634147,0.7610639534883721,0,45519,50654.0,22620.0,0.0,0.0,0.0,0.0,0.0,0.0,0.0,0.0,0.0,0.0,0.0,L4,130.0,20.494192566162766,69.49419256616277,25187.5,18512.8125,-18512.8125,0.0,0.0
202410,P4,L3,296,270.512,49243,1643,0.8318074324324325,0.7610639534883721,0,42723,49243.0,79638.0,0.0,0.0,0.0,0.0,0.0,0.0,0.0,0.0,0.0,0.0,0.0,L4,150.0,17.96853341205744,55.96853341205744,82898.0,47251.86,-47251.86,0.0,0.0
202411,P8,L2,260,241.769,12164,327,0.8505487282843048,0.8557181349578257,0,11437,12164.0,13.0,0.0,0.0,0.0,0.0,0.0,0.0,0.0,0.0,0.0,0.0,0.0,,0.0,36.58127962247141,166.5812796224714,376.5,734.175,-734.175,0.0,0.0
202411,P7,L3,236,218.03900000000002,12075,325,0.8527693278482937,0.7228815789473684,0,10497,12075.0,14121.0,0.0,0.0,0.0,0.0,0.0,0.0,0.0,0.0,0.0,0.0,0.0,L4,45.0,34.49925118343401,139.499251183434,14910.0,23483.25,-23483.25,0.0,0.0
202411,P3,L2,272,246.21,21981,1344,0.808125,0.8557181349578257,0,24111,21981.0,0.0,2130.0,0.0,426.0,1704.0,0.0,0.0,0.0,0.0,66693.98207405189,27051.0,39642.98207405189,L1,70.0,31.3117286732638,111.3117286732638,0.0,0.0,39642.98207405189,0.0,39642.98207405189
202411,P1,L1,228,211.272,23082,676,0.8435426185280273,0.8091404358353511,0,23304,23082.0,0.0,222.0,0.0,44.400000000000006,177.6,0.0,0.0,0.0,0.0,6840.88504727498,2819.4,4021.48504727498,L2,90.0,30.814797510247658,92.81479751024766,0.0,0.0,4021.48504727498,0.0,4021.48504727498
202411,P2,L1,244,222.375,28588,821,0.8366605827240531,0.8091404358353511,0,26280,28588.0,0.0,0.0,0.0,0.0,0.0,0.0,0.0,0.0,0.0,0.0,0.0,0.0,,0.0,29.24513957543428,79.24513957543428,1154.0,865.5,-865.5,0.0,0.0
202411,P6,L2,244,224.36599999999999,21852,1361,0.8140631550326106,0.8557181349578257,0,23648,21852.0,0.0,1796.0,0.0,359.20000000000005,0.0,1436.8,1436.8,127309.2,32480.4,8120.098947034486,2694.000000000001,5426.098947034485,,0.0,22.606066110897785,88.60606611089779,0.0,0.0,5426.098947034485,0.0,5426.098947034485
202411,P5,L3,276,253.471,41706,1276,0.8395342310870726,0.7228815789473684,0,38277,41706.0,27755.0,0.0,0.0,0.0,0.0,0.0,0.0,0.0,0.0,0.0,0.0,0.0,L4,130.0,20.494192566162766,69.49419256616277,29469.5,21660.0825,-21660.0825,0.0,0.0
202411,P4,L3,248,226.063,41602,1211,0.83875,0.7228815789473684,0,32358,41602.0,86158.0,0.0,0.0,0.0,0.0,0.0,0.0,0.0,0.0,0.0,0.0,0.0,L4,150.0,17.96853341205744,55.96853341205744,90780.0,51744.6,-51744.6,0.0,0.0
202412,P8,L2,276,256.421,12848,428,0.8463852753623189,0.8765410482374768,0,13009,12848.0,740.0,161.0,161.0,0.0,0.0,0.0,0.0,0.0,0.0,0.0,0.0,0.0,,0.0,36.58127962247141,166.5812796224714,659.5,1286.0249999999999,-1286.0249999999999,313.94999999999993,-313.94999999999993
202412,P7,L3,264,245.428,13658,350,0.8622647196969697,0.6978235653235654,0,12110,13658.0,15699.0,0.0,0.0,0.0,0.0,0.0,0.0,0.0,0.0,0.0,0.0,0.0,L4,45.0,34.49925118343401,139.499251183434,16473.0,25944.975,-25944.975,0.0,0.0
202412,P3,L2,260,237.369,21229,1349,0.8165,0.8765410482374768,0,24019,21229.0,0.0,2790.0,0.0,558.0,2232.0,0.0,0.0,0.0,0.0,87359.72299840601,35433.0,51926.72299840601,L1,70.0,31.3117286732638,111.3117286732638,0.0,0.0,51926.72299840601,0.0,51926.72299840601
202412,P1,L1,252,231.792,25431,809,0.8409370787486515,0.8892309523809524,0,28477,25431.0,0.0,3046.0,0.0,609.2,2436.8,0.0,0.0,0.0,0.0,93861.87321621437,38684.200000000004,55177.67321621437,L2,90.0,30.814797510247658,92.81479751024766,0.0,0.0,55177.67321621437,0.0,55177.67321621437
202412,P2,L1,248,228.996,29720,950,0.8558218235884941,0.8892309523809524,0,29023,29720.0,2308.0,0.0,0.0,0.0,0.0,0.0,0.0,0.0,0.0,0.0,0.0,0.0,,0.0,29.24513957543428,79.24513957543428,2656.5,1992.375,-1992.375,0.0,0.0
202412,P6,L2,248,230.879,22223,1467,0.8144470450158645,0.8765410482374768,0,23154,22223.0,0.0,931.0,0.0,186.20000000000002,0.0,744.8,744.8,65993.8,16837.0,4209.249509849168,1396.5,2812.749509849168,,0.0,22.606066110897785,88.60606611089779,0.0,0.0,2812.749509849168,0.0,2812.749509849168
202412,P5,L3,216,197.45600000000002,32581,873,0.83740990995587,0.6978235653235654,0,27166,32581.0,31184.0,0.0,0.0,0.0,0.0,0.0,0.0,0.0,0.0,0.0,0.0,0.0,L4,130.0,20.494192566162766,69.49419256616277,33891.5,24910.2525,-24910.2525,0.0,0.0
202412,P4,L3,248,230.916,41716,1363,0.8410483870967743,0.6978235653235654,0,31052,41716.0,95402.0,0.0,0.0,0.0,0.0,0.0,0.0,0.0,0.0,0.0,0.0,0.0,L4,150.0,17.96853341205744,55.96853341205744,100734.0,57418.38,-57418.38,0.0,0.0
