PeriodKey,ProductID,LineID,PlannedH,RunH,GoodUnits,ScrapUnits,OEE,LineUtilization,Bottleneck,FirmDemand,PrimarySupply,OpeningAvailableInventory,GrossGap,InventoryAbsorbed,RecoveredUnits,SubstitutedUnits,ResidualGap,PotentialLostSalesUnits,RevenueExposure,CMExposure,ProtectedCM,RecoveryCost,NetCMOpportunity,AltLineID,AltRate,CMUnit,ExpNetPrice,AvgInventory,HoldingCost,NetCM_after_Holding,IncrementalHoldingCost,NetCM_after_IncrementalHolding,TheoreticalCapacityGapUnits,DemandConstrainedGapUnits,ShipmentGapUnits,RevenueOpportunity,CMOpportunity,RecoveryROI,RecoveryROI_Status
202408,P1,L1,240,216.762,23607,726,0.819602667460091,1.0056202553485163,1,28214,23607.0,0.0,4607.0,0.0,921.4000000000001,3322.309090909088,363.290909090912,363.290909090912,33718.77,11194.74,130769.0363287607,53422.82727272723,77346.20905603348,L2,90.0,30.814797510247658,92.81479751024766,0.0,0.0,77346.20905603348,0.0,77346.20905603348,4607.0,4607.0,363.290909090912,33718.77,11194.74,1.4478119748544145,OK
202403,P3,L2,272,252.683,22191,1521,0.8158455882352942,0.950952175786299,1,27344,22191.0,0.0,5153.0,0.0,1030.6000000000001,2595.4166666666674,1526.9833333333322,1526.9833333333322,169971.15,47812.49,113536.85003139911,44065.33333333335,69471.51669806577,L1,70.0,31.3117286732638,111.3117286732638,0.0,0.0,69471.51669806577,0.0,69471.51669806577,5153.0,5153.0,1526.9833333333322,169971.15,47812.49,1.5765571582664923,OK
202407,P1,L1,304,280.016,30595,1018,0.8385970920240416,0.9848953470276999,1,36311,30595.0,0.0,5716.0,0.0,1143.2,2484.818181818173,2087.9818181818273,2087.9818181818273,193795.61,64340.74,111796.64563622387,43361.45454545441,68435.19109076945,L2,90.0,30.814797510247658,92.81479751024766,0.0,0.0,68435.19109076945,0.0,68435.19109076945,5716.0,5716.0,2087.9818181818273,193795.61,64340.74,1.5782494339305673,OK
202404,P3,L2,208,190.542,16977,1028,0.8162019230769231,0.8921565656565656,0,20588,16977.0,0.0,3611.0,0.0,722.2,2416.666666666666,472.1333333333341,472.1333333333341,52553.98,14783.31,98283.3414082186,39249.83333333332,59033.508074885285,L1,70.0,31.3117286732638,111.3117286732638,0.0,0.0,59033.508074885285,0.0,59033.508074885285,3611.0,3611.0,472.1333333333341,52553.98,14783.31,1.5040448088922322,OK
202410,P3,L2,236,216.294,19183,1239,0.8128389830508477,0.8816626794258374,0,22290,19183.0,0.0,3107.0,0.0,621.4000000000001,2455.083333333331,30.516666666668698,30.516666666668698,3396.86,955.53,96330.01140115147,39031.66666666664,57298.344734484825,L1,70.0,31.3117286732638,111.3117286732638,0.0,0.0,57298.344734484825,0.0,57298.344734484825,3107.0,3107.0,30.516666666668698,3396.86,955.53,1.467996363665866,OK
202409,P1,L1,312,289.705,32086,938,0.8569635833333333,0.9730513555787279,1,36891,32086.0,0.0,4805.0,0.0,961.0,1821.681818181819,2022.318181818181,2022.318181818181,187701.05,62317.33,85747.77676272055,32711.045454545463,53036.73130817508,L2,90.0,30.814797510247658,92.81479751024766,0.0,0.0,53036.73130817508,0.0,53036.73130817508,4805.0,4805.0,2022.318181818181,187701.05,62317.33,1.6213707196204945,OK
202409,P3,L2,240,225.947,19964,1277,0.8318333333333335,0.9732263107263107,1,24455,19964.0,0.0,4491.0,0.0,898.2,1033.7499999999977,2559.0500000000025,2559.0500000000025,284852.28,80128.28,60492.69421031193,21208.99999999997,39283.69421031196,L1,70.0,31.3117286732638,111.3117286732638,0.0,0.0,39283.69421031196,0.0,39283.69421031196,4491.0,4491.0,2559.0500000000025,284852.28,80128.28,1.8522181248673681,OK
202406,P3,L2,216,192.88400000000001,16833,1194,0.7793055555555556,0.912482800982801,0,19131,16833.0,0.0,2298.0,0.0,459.6,1575.1666666666642,263.23333333333585,263.23333333333585,29300.96,8242.29,63712.061780068,25499.3333333333,38212.7284467347,L1,70.0,31.3117286732638,111.3117286732638,0.0,0.0,38212.7284467347,0.0,38212.7284467347,2298.0,2298.0,263.23333333333585,29300.96,8242.29,1.4985775489581983,OK
202407,P3,L2,252,231.789,20745,1335,0.8232142857142857,0.965140036730946,1,25960,20745.0,0.0,5215.0,0.0,1043.0,647.0833333333394,3524.9166666666606,3524.9166666666606,392364.57,110371.23,52919.43076853878,16881.66666666675,36037.76410187203,L1,70.0,31.3117286732638,111.3117286732638,0.0,0.0,36037.76410187203,0.0,36037.76410187203,5215.0,5215.0,3524.9166666666606,392364.57,110371.23,2.134727856760106,OK
202408,P3,L2,280,256.357,22637,1401,0.8084642857142857,0.952429709465792,1,29274,22637.0,0.0,6637.0,0.0,1327.4,0.0,5309.6,5309.6,591020.75,166252.75,41563.188640890374,9955.5,31607.688640890374,L1,70.0,31.3117286732638,111.3117286732638,0.0,0.0,31607.688640890374,0.0,31607.688640890374,6637.0,6637.0,5309.6,591020.75,166252.75,3.174897156435174,OK
202408,P2,L1,312,294.515,37788,1316,0.8649060495705041,1.0056202553485163,1,44798,37788.0,0.0,7010.0,0.0,1402.0,0.0,5608.0,5608.0,444406.74,164006.74,41001.68568475886,10515.0,30486.685684758857,,0.0,29.24513957543428,79.24513957543428,0.0,0.0,30486.685684758857,0.0,30486.685684758857,7010.0,7010.0,5608.0,444406.74,164006.74,2.899351943391237,OK
202409,P2,L1,236,219.046,28005,878,0.8474848589678725,0.9730513555787279,1,31613,28005.0,0.0,3608.0,0.0,721.6,0.0,2886.4,2886.4,228733.17,84413.17,21103.292717633376,5412.000000000001,15691.292717633376,,0.0,29.24513957543428,79.24513957543428,0.0,0.0,15691.292717633376,0.0,15691.292717633376,3608.0,3608.0,2886.4,228733.17,84413.17,2.899351943391237,OK
202409,P8,L2,268,243.969,12401,368,0.8410782532786675,0.9732263107263107,1,14534,12401.0,0.0,2133.0,0.0,426.6,0.0,1706.4,1706.4,284254.3,62422.3,15605.573886946306,3199.500000000001,12406.073886946306,,0.0,36.58127962247141,166.5812796224714,0.0,0.0,12406.073886946306,0.0,12406.073886946306,2133.0,2133.0,1706.4,284254.3,62422.3,3.877503949662854,OK
202406,P6,L2,252,236.048,23278,1387,0.8397630873015871,0.912482800982801,0,26822,23278.0,0.0,3544.0,0.0,708.8000000000001,0.0,2835.2,2835.2,251215.92,64092.72,16023.179659404352,5316.0,10707.179659404352,,0.0,22.606066110897785,88.60606611089779,0.0,0.0,10707.179659404352,0.0,10707.179659404352,3544.0,3544.0,2835.2,251215.92,64092.72,2.014142148119705,OK
202408,P6,L2,276,246.642,24100,1522,0.7938155797101449,0.952429709465792,1,27476,24100.0,0.0,3376.0,0.0,675.2,0.0,2700.8,2700.8,239307.26,61054.46,15263.615838078185,5064.0,10199.615838078185,,0.0,22.606066110897785,88.60606611089779,0.0,0.0,10199.615838078185,0.0,10199.615838078185,3376.0,3376.0,2700.8,239307.26,61054.46,2.014142148119705,OK
202407,P6,L2,228,210.277,20721,1304,0.826112745902931,0.965140036730946,1,23787,20721.0,0.0,3066.0,0.0,613.2,0.0,2452.8,2452.8,217332.96,55448.16,13862.039739202522,4599.0,9263.039739202522,,0.0,22.606066110897785,88.60606611089779,0.0,0.0,9263.039739202522,0.0,9263.039739202522,3066.0,3066.0,2452.8,217332.96,55448.16,2.0141421481197046,OK
202409,P6,L2,248,226.554,21957,1391,0.8048834153225807,0.9732263107263107,1,24965,21957.0,0.0,3008.0,0.0,601.6,0.0,2406.4,2406.4,213221.64,54399.24,13599.809372316107,4512.000000000001,9087.809372316107,,0.0,22.606066110897785,88.60606611089779,0.0,0.0,9087.809372316107,0.0,9087.809372316107,3008.0,3008.0,2406.4,213221.64,54399.24,2.014142148119704,OK
202407,P2,L1,308,288.86,37195,1075,0.8623245993242475,0.9848953470276999,1,42023,37195.0,3411.0,4828.0,3411.0,283.40000000000003,0.0,1133.6,1133.6,89832.29,33152.29,8288.072555678076,776.8000000000002,7511.272555678076,,0.0,29.24513957543428,79.24513957543428,1705.5,1279.125,6232.147555678076,2558.25,4953.022555678076,4828.0,1417.0,1133.6,89832.29,33152.29,9.669506379606172,OK
202410,P2,L1,276,255.054,32663,865,0.8453326413043478,0.9391100363756615,0,33913,32663.0,0.0,1250.0,0.0,250.0,0.0,1000.0,1000.0,79245.14,29245.14,7311.28489385857,1875.0,5436.28489385857,,0.0,29.24513957543428,79.24513957543428,0.0,0.0,5436.28489385857,0.0,5436.28489385857,1250.0,1250.0,1000.0,79245.14,29245.14,2.8993519433912374,OK
202411,P6,L2,244,224.36599999999999,21852,1361,0.8140631550326106,0.8557181349578257,0,23648,21852.0,0.0,1796.0,0.0,359.20000000000005,0.0,1436.8,1436.8,127309.2,32480.4,8120.098947034486,2694.000000000001,5426.098947034485,,0.0,22.606066110897785,88.60606611089779,0.0,0.0,5426.098947034485,0.0,5426.098947034485,1796.0,1796.0,1436.8,127309.2,32480.4,2.014142148119704,OK
202408,P8,L2,220,199.564,9889,419,0.8172809,0.952429709465792,1,10811,9889.0,0.0,922.0,0.0,184.4,0.0,737.6,737.6,122870.35,26982.35,6745.587962383729,1383.0000000000002,5362.587962383729,,0.0,36.58127962247141,166.5812796224714,0.0,0.0,5362.587962383729,0.0,5362.587962383729,922.0,922.0,737.6,122870.35,26982.35,3.877503949662855,OK
202405,P6,L2,260,239.474,23614,1397,0.8256725923076924,0.9026845063538612,0,25173,23614.0,0.0,1559.0,0.0,311.8,0.0,1247.2,1247.2,110509.49,28194.29,7048.57141337793,2338.5000000000005,4710.071413377929,,0.0,22.606066110897785,88.60606611089779,0.0,0.0,4710.071413377929,0.0,4710.071413377929,1559.0,1559.0,1247.2,110509.49,28194.29,2.014142148119704,OK
202410,P6,L2,288,268.734,26029,1713,0.8215318265053642,0.8816626794258374,0,27430,26029.0,0.0,1401.0,0.0,280.2,0.0,1120.8,1120.8,99309.68,25336.88,6334.219724273559,2101.4999999999995,4232.71972427356,,0.0,22.606066110897785,88.60606611089779,0.0,0.0,4232.71972427356,0.0,4232.71972427356,1401.0,1401.0,1120.8,99309.68,25336.88,2.0141421481197055,OK
202404,P6,L2,268,246.35999999999999,24093,1508,0.8170676599494383,0.8921565656565656,0,26262,24093.0,1225.0,2169.0,1225.0,188.8,0.0,755.2,755.2,66915.3,17072.1,4268.025281737502,779.35,3488.6752817375022,,0.0,22.606066110897785,88.60606611089779,612.5,606.375,2882.3002817375022,1212.75,2275.9252817375022,2169.0,944.0,755.2,66915.3,17072.1,4.476390943398347,OK
202412,P6,L2,248,230.879,22223,1467,0.8144470450158645,0.8765410482374768,0,23154,22223.0,0.0,931.0,0.0,186.20000000000002,0.0,744.8,744.8,65993.8,16837.0,4209.249509849168,1396.5,2812.749509849168,,0.0,22.606066110897785,88.60606611089779,0.0,0.0,2812.749509849168,0.0,2812.749509849168,931.0,931.0,744.8,65993.8,16837.0,2.014142148119705,OK
202407,P8,L2,312,293.098,14684,423,0.8557195128205128,0.965140036730946,1,15870,14684.0,1142.0,1186.0,1142.0,8.8,0.0,35.2,35.2,5863.66,1287.66,321.91526067774845,17.6,304.3152606777484,,0.0,36.58127962247141,166.5812796224714,571.0,1113.45,-809.1347393222516,2226.9,-1922.5847393222516,1186.0,44.0,35.2,5863.66,1287.66,17.290639811235703,OK
