PeriodKey,BudgetRevenue,VolumeEffect,MixEffect,PriceEffect,ActualRevenue,BudgetCOGS,VolumeCOGSEffect,YieldVariance,ActualCOGS,BudgetGP,ActualGP,GPVariance
202401,18099345.0,-645545.0,0.0,-1216841.28,16236958.72,11906696.0,868869.0,672234.0,13447799.0,6192649.0,2789159.7199999997,-3403489.28
202402,17542705.0,-715545.0,0.0,-1160428.79,15666731.209999999,11515052.0,791112.0,595349.0,12901513.0,6027653.0,2765218.21,-3262434.79
202403,21887750.0,-1888185.0,0.0,-1338698.17,18660866.83,14396457.0,-862477.0,717717.0,14251697.0,7491293.0,4409169.83,-3082123.17
202404,21443620.0,-1910900.0,0.0,-1468677.49,18064042.51,14031144.0,-626919.0,655488.0,14059713.0,7412476.0,4004329.5100000002,-3408146.49
202405,19570265.0,-1859900.0,0.0,-1225282.34,16485082.66,12865551.0,-442784.0,632422.0,13055189.0,6704714.0,3429893.66,-3274820.34
202406,19825610.0,-1709975.0,0.0,-1321100.8800000001,16794534.12,13064449.0,-824156.0,627180.0,12867473.0,6761161.0,3927061.12,-2834099.88
202407,23708400.0,-2206990.0,0.0,-1507691.25,19993718.75,15521592.0,-1493449.0,709043.0,14737186.0,8186808.0,5256532.75,-2930275.25
202408,22968800.0,-3049830.0,0.0,-1282926.96,18636043.04,14998190.0,-1857336.0,699458.0,13840312.0,7970610.0,4795731.04,-3174878.96
202409,22421495.0,-3218725.0,0.0,-1341174.25,17861595.75,14721713.0,-1952347.0,655764.0,13425130.0,7699782.0,4436465.75,-3263316.25
202410,22078410.0,-1835465.0,0.0,-1373975.93,18868969.07,14429938.0,-616975.0,703591.0,14516554.0,7648472.0,4352415.07,-3296056.93
202411,19030420.0,-1329295.0,0.0,-1319405.89,16381719.11,12530066.0,4795.0,625256.0,13160117.0,6500354.0,3221602.11,-3278751.89
202412,19123960.0,-1396550.0,0.0,-1408347.93,16319062.07,12566380.0,-52613.0,642016.0,13155783.0,6557580.0,3163279.0700000003,-3394300.9299999997
