PeriodKey,ProductID,BudgetVolume,ActualVolume,BudgetRevenue,VolumeEffect,MixEffect,PriceEffect,ActualRevenue,BudgetCOGS,VolumeCOGSEffect,YieldVariance,ActualCOGS,BudgetGP,ActualGP,GPVariance
202401,P1,22851.0,22491.0,2285100.0,-36000.0,0.0,-190234.55,2058865.45,1416762.0,-20956.0,64356.0,1460162.0,868338.0,598703.45,-269634.55
202402,P1,30555.0,29100.0,3055500.0,-145500.0,0.0,-192956.4,2717043.6,1894410.0,-116250.0,70370.0,1848530.0,1161090.0,868513.6,-292576.4
202403,P1,28515.0,23315.0,2851500.0,-520000.0,0.0,-189630.99,2141869.01,1767930.0,-352842.0,67580.0,1482668.0,1083570.0,659201.01,-424368.99
202404,P1,35413.0,29309.0,3541300.0,-610400.0,0.0,-208567.27,2722332.73,2195606.0,-378448.0,76632.0,1893790.0,1345694.0,828542.73,-517151.27
202405,P1,29271.0,24929.0,2927100.0,-434200.0,0.0,-162658.59,2330241.41,1814802.0,-269204.0,65162.0,1610760.0,1112298.0,719481.41,-392816.59
202406,P1,26001.0,22071.0,2600100.0,-393000.0,0.0,-184541.41,2022558.59,1612062.0,-243660.0,65720.0,1434122.0,988038.0,588436.59,-399601.41
202407,P1,36666.0,30595.0,3666600.0,-607100.0,0.0,-191843.63,2867656.37,2273292.0,-376402.0,87110.0,1984000.0,1393308.0,883656.37,-509651.63
202408,P1,28290.0,23607.0,2829000.0,-468300.0,0.0,-160301.65,2200398.35,1753980.0,-290346.0,63860.0,1527494.0,1075020.0,672904.35,-402115.65
202409,P1,39299.0,32086.0,3929900.0,-721300.0,0.0,-236107.29,2972492.71,2436538.0,-447206.0,82770.0,2072102.0,1493362.0,900390.71,-592971.29
202410,P1,36644.0,30642.0,3664400.0,-600200.0,0.0,-168277.08,2895922.92,2271928.0,-372124.0,84072.0,1983876.0,1392472.0,912046.92,-480425.08
202411,P1,24019.0,23082.0,2401900.0,-93700.0,0.0,-165452.85,2142747.15,1489178.0,-58094.0,60140.0,1491224.0,912722.0,651523.15,-261198.85
202412,P1,30304.0,25431.0,3030400.0,-487300.0,0.0,-224680.14,2318419.86,1878848.0,-302126.0,68200.0,1644922.0,1151552.0,673497.86,-478054.14
202401,P2,28328.0,26691.0,2407880.0,-139145.0,0.0,-158109.75,2110625.25,1416400.0,68700.0,65650.0,1550750.0,991480.0,559875.25,-431604.75
202402,P2,25814.0,25451.0,2194190.0,-30855.0,0.0,-136190.8,2027144.2,1290700.0,71150.0,58550.0,1420400.0,903490.0,606744.2,-296745.8
202403,P2,36569.0,34806.0,3108365.0,-149855.0,0.0,-98804.09,2859705.91,1828450.0,-126850.0,83200.0,1784800.0,1279915.0,1074905.91,-205009.09
202404,P2,32734.0,32542.0,2782390.0,-16320.0,0.0,-229707.44,2536362.56,1636700.0,-26200.0,59700.0,1670200.0,1145690.0,866162.56,-279527.44
202405,P2,30082.0,28697.0,2556970.0,-117725.0,0.0,-154989.09,2284255.91,1504100.0,-27750.0,57450.0,1533800.0,1052870.0,750455.91,-302414.09
202406,P2,27208.0,25636.0,2312680.0,-133620.0,0.0,-144139.26,2034920.74,1360400.0,-187500.0,47800.0,1220700.0,952280.0,814220.74,-138059.26
202407,P2,42424.0,40606.0,3606040.0,-154530.0,0.0,-281374.76,3170135.24,2121200.0,-261450.0,75450.0,1935200.0,1484840.0,1234935.24,-249904.76
202408,P2,46380.0,37788.0,3942300.0,-730320.0,0.0,-163962.73,3048017.27,2319000.0,-429600.0,91700.0,1981100.0,1623300.0,1066917.27,-556382.73
202409,P2,33179.0,28005.0,2820215.0,-439790.0,0.0,-183857.79,2196567.21,1658950.0,-258700.0,61850.0,1462100.0,1161265.0,734467.21,-426797.79
202410,P2,34389.0,32663.0,2923065.0,-146710.0,0.0,-216023.72,2560331.28,1719450.0,-86300.0,62350.0,1695500.0,1203615.0,864831.28,-338783.72
202411,P2,26609.0,26280.0,2261765.0,-27965.0,0.0,-138154.68,2095645.32,1330450.0,98950.0,59850.0,1489250.0,931315.0,606395.32,-324919.68
202412,P2,30899.0,29023.0,2626415.0,-159460.0,0.0,-213556.44,2253398.56,1544950.0,-58950.0,64850.0,1550850.0,1081465.0,702548.56,-378916.44
202401,P3,23953.0,23600.0,2874360.0,-42360.0,0.0,-205188.74,2626811.26,1916240.0,-62000.0,139360.0,1993600.0,958120.0,633211.26,-324908.74
202402,P3,23237.0,21403.0,2788440.0,-220080.0,0.0,-206346.09,2362013.91,1858960.0,-200000.0,119120.0,1778080.0,929480.0,583933.91,-345546.09
202403,P3,29041.0,22191.0,3484920.0,-822000.0,0.0,-246235.39,2416684.61,2323280.0,-548000.0,139680.0,1914960.0,1161640.0,501724.61,-659915.39
202404,P3,22045.0,16977.0,2645400.0,-608160.0,0.0,-179773.42,1857466.58,1763600.0,-405440.0,96000.0,1454160.0,881800.0,403306.58,-478493.42
202405,P3,24409.0,20435.0,2929080.0,-476880.0,0.0,-150070.75,2302129.25,1952720.0,-317920.0,130240.0,1765040.0,976360.0,537089.25,-439270.75
202406,P3,19802.0,16833.0,2376240.0,-356280.0,0.0,-95851.71,1924108.29,1584160.0,-237520.0,110960.0,1457600.0,792080.0,466508.29,-325571.71
202407,P3,26999.0,20745.0,3239880.0,-750480.0,0.0,-120936.61,2368463.39,2159920.0,-500320.0,126560.0,1786160.0,1079960.0,582303.39,-497656.61
202408,P3,29847.0,22637.0,3581640.0,-865200.0,0.0,-172146.5,2544293.5,2387760.0,-576800.0,137760.0,1948720.0,1193880.0,595573.5,-598306.5
202409,P3,25919.0,19964.0,3110280.0,-714600.0,0.0,-165985.25,2229694.75,2073520.0,-476400.0,122240.0,1719360.0,1036760.0,510334.75,-526425.25
202410,P3,23889.0,19183.0,2866680.0,-564720.0,0.0,-189965.88,2111994.12,1911120.0,-376480.0,119440.0,1654080.0,955560.0,457914.12,-497645.88
202411,P3,25461.0,21981.0,3055320.0,-417600.0,0.0,-267434.71,2370285.29,2036880.0,-278400.0,128880.0,1887360.0,1018440.0,482925.29,-535514.71
202412,P3,25262.0,21229.0,3031440.0,-483960.0,0.0,-147614.48,2399865.52,2020960.0,-322640.0,128480.0,1826800.0,1010480.0,573065.52,-437414.48
202401,P4,32715.0,31933.0,1962900.0,-46920.0,0.0,-121349.15,1794630.85,1243170.0,382546.0,78812.0,1704528.0,719730.0,90102.85,-629627.15
202402,P4,30601.0,29808.0,1836060.0,-47580.0,0.0,-141141.23,1647338.77,1162838.0,453530.0,67982.0,1684350.0,673222.0,-37011.23,-710233.23
202403,P4,40411.0,38287.0,2424660.0,-127440.0,0.0,-192944.49,2104275.51,1535618.0,299782.0,81890.0,1917290.0,889042.0,186985.51,-702056.49
202404,P4,44320.0,42145.0,2659200.0,-130500.0,0.0,-151872.24,2376827.76,1684160.0,344356.0,80978.0,2109494.0,975040.0,267333.76,-707706.24
202405,P4,31406.0,29568.0,1884360.0,-110280.0,0.0,-122125.59,1651954.41,1193428.0,233168.0,64714.0,1491310.0,690932.0,160644.41,-530287.59
202406,P4,37573.0,37143.0,2254380.0,-25800.0,0.0,-164656.28,2063923.72,1427774.0,290852.0,74670.0,1793296.0,826606.0,270627.72,-555978.28
202407,P4,43151.0,41365.0,2589060.0,-107160.0,0.0,-174880.47,2307019.53,1639738.0,195358.0,81624.0,1916720.0,949322.0,390299.53,-559022.47
202408,P4,42225.0,39893.0,2533500.0,-139920.0,0.0,-125825.57,2267754.43,1604550.0,149720.0,79572.0,1833842.0,928950.0,433912.43,-495037.57
202409,P4,32415.0,30532.0,1944900.0,-112980.0,0.0,-138437.49,1693482.51,1231770.0,57950.0,59964.0,1349684.0,713130.0,343798.51,-369331.49
202410,P4,44369.0,42723.0,2662140.0,-98760.0,0.0,-94889.75,2468490.25,1686022.0,185212.0,87666.0,1958900.0,976118.0,509590.25,-466527.75
202411,P4,34427.0,32358.0,2065620.0,-124140.0,0.0,-128942.81,1812537.19,1308226.0,272650.0,62548.0,1643424.0,757394.0,169113.19,-588280.81
202412,P4,32161.0,31052.0,1929660.0,-66540.0,0.0,-163593.09,1699526.91,1222118.0,363090.0,71440.0,1656648.0,707542.0,42878.91,-664663.09
202401,P5,34517.0,32277.0,2588775.0,-168000.0,0.0,-177384.48,2243390.52,1691333.0,144991.0,76195.0,1912519.0,897442.0,330871.52,-566570.48
202402,P5,27607.0,27424.0,2070525.0,-13725.0,0.0,-137836.02,1918963.98,1352743.0,367696.0,69237.0,1789676.0,717782.0,129287.98,-588494.02
202403,P5,33898.0,33247.0,2542350.0,-48825.0,0.0,-172071.1,2321453.9,1661002.0,128282.0,83496.0,1872780.0,881348.0,448673.9,-432674.1
202404,P5,43505.0,43110.0,3262875.0,-29625.0,0.0,-207516.78,3025733.22,2131745.0,86338.0,100891.0,2318974.0,1131130.0,706759.22,-424370.78
202405,P5,35532.0,33936.0,2664900.0,-119700.0,0.0,-225182.62,2320017.38,1741068.0,123431.0,74872.0,1939371.0,923832.0,380646.38,-543185.62
202406,P5,45798.0,42619.0,3434850.0,-238425.0,0.0,-238968.34,2957456.66,2244102.0,-134505.0,84378.0,2193975.0,1190748.0,763481.66,-427266.34
202407,P5,42850.0,40731.0,3213750.0,-158925.0,0.0,-263522.92,2791302.08,2099650.0,-122794.0,86681.0,2063537.0,1114100.0,727765.08,-386334.92
202408,P5,44320.0,41196.0,3324000.0,-234300.0,0.0,-222227.46,2867472.54,2171680.0,-263865.0,77910.0,1985725.0,1152320.0,881747.54,-270572.46
202409,P5,44928.0,41804.0,3369600.0,-234300.0,0.0,-227816.14,2907483.86,2201472.0,-142590.0,90699.0,2149581.0,1168128.0,757902.86,-410225.14
202410,P5,46923.0,45519.0,3519225.0,-105300.0,0.0,-243531.54,3170393.46,2299227.0,182819.0,99470.0,2581516.0,1219998.0,588877.46,-631120.54
202411,P5,40684.0,38277.0,3051300.0,-180525.0,0.0,-187983.19,2682791.81,1993516.0,50078.0,92169.0,2135763.0,1057784.0,547028.81,-510755.19
202412,P5,27352.0,27166.0,2051400.0,-13950.0,0.0,-158740.11,1878709.89,1340248.0,256221.0,62769.0,1659238.0,711152.0,219471.89,-491680.11
202401,P6,24296.0,23306.0,2308120.0,-94050.0,0.0,-108870.56,2105199.44,1603536.0,14718.0,117876.0,1736130.0,704584.0,369069.44,-335514.56
202402,P6,18856.0,18511.0,1791320.0,-32775.0,0.0,-115577.37,1642967.63,1244496.0,45936.0,88770.0,1379202.0,546824.0,263765.63,-283058.37
202403,P6,29247.0,27744.0,2778465.0,-142785.0,0.0,-163937.04,2471742.96,1930302.0,-277464.0,128436.0,1781274.0,848163.0,690468.96,-157694.04
202404,P6,28003.0,25318.0,2660285.0,-255075.0,0.0,-175853.05,2229356.95,1848198.0,-258060.0,119922.0,1710060.0,812087.0,519296.95,-292790.05
202405,P6,27083.0,23614.0,2572885.0,-329555.0,0.0,-146477.35,2096852.65,1787478.0,-228954.0,111144.0,1669668.0,785407.0,427184.65,-358222.35
202406,P6,27026.0,23278.0,2567470.0,-356060.0,0.0,-191070.79,2020339.21,1783716.0,-247368.0,110022.0,1646370.0,783754.0,373969.21,-409784.79
202407,P6,24442.0,20721.0,2321990.0,-353495.0,0.0,-120501.24,1847993.76,1613172.0,-245586.0,103158.0,1470744.0,708818.0,377249.76,-331568.24
202408,P6,27760.0,24100.0,2637200.0,-347700.0,0.0,-129330.57,2160169.43,1832160.0,-241560.0,119196.0,1709796.0,805040.0,450373.43,-354666.57
202409,P6,26138.0,21957.0,2483110.0,-397195.0,0.0,-128102.41,1957812.59,1725108.0,-275946.0,108966.0,1558128.0,758002.0,399684.59,-358317.41
202410,P6,27566.0,26029.0,2618770.0,-146015.0,0.0,-197053.5,2275701.5,1819356.0,-101442.0,134838.0,1852752.0,799414.0,422949.5,-376464.5
202411,P6,25361.0,21852.0,2409295.0,-333355.0,0.0,-143863.94,1932076.06,1673826.0,-231594.0,106524.0,1548756.0,735469.0,383320.06,-352148.94
202412,P6,23231.0,22223.0,2206945.0,-95760.0,0.0,-161051.04,1950133.96,1533246.0,-66528.0,116622.0,1583340.0,673699.0,366793.96,-306905.04
202401,P7,9869.0,9704.0,1480350.0,-24750.0,0.0,-101080.12,1354519.88,1036245.0,287700.0,58485.0,1382430.0,444105.0,-27910.12,-472015.12
202402,P7,11507.0,10758.0,1726050.0,-112350.0,0.0,-80455.54,1533244.46,1208235.0,152670.0,57750.0,1418655.0,517815.0,114589.46,-403225.54
202403,P7,12827.0,12523.0,1924050.0,-45600.0,0.0,-127198.17,1751251.83,1346835.0,180495.0,65835.0,1593165.0,577215.0,158086.83,-419128.17
202404,P7,11963.0,11159.0,1794450.0,-120600.0,0.0,-113068.22,1560781.78,1256115.0,74235.0,57015.0,1387365.0,538335.0,173416.78,-364918.22
202405,P7,12657.0,11785.0,1898550.0,-130800.0,0.0,-134206.12,1633543.88,1328985.0,170415.0,69300.0,1568700.0,569565.0,64843.88,-504721.12
202406,P7,11639.0,11308.0,1745850.0,-49650.0,0.0,-138825.94,1557374.06,1222095.0,103635.0,59010.0,1384740.0,523755.0,172634.06,-351120.94
202407,P7,14348.0,14314.0,2152200.0,-5100.0,0.0,-143118.41,2003981.59,1506540.0,16905.0,68250.0,1591695.0,645660.0,412286.59,-233373.41
202408,P7,14200.0,13847.0,2130000.0,-52950.0,0.0,-155409.42,1921640.58,1491000.0,-52395.0,60690.0,1499295.0,639000.0,422345.58,-216654.42
202409,P7,13783.0,12885.0,2067450.0,-134700.0,0.0,-133420.71,1799329.29,1447215.0,-74445.0,63105.0,1435875.0,620235.0,363454.29,-256780.71
202410,P7,11711.0,11281.0,1756650.0,-64500.0,0.0,-123274.32,1568875.68,1229655.0,28560.0,57645.0,1315860.0,526995.0,253015.68,-273979.32
202411,P7,10734.0,10497.0,1610100.0,-35550.0,0.0,-97942.6,1476607.4,1127070.0,140805.0,50925.0,1318800.0,483030.0,157807.4,-325222.6
202412,P7,12532.0,12110.0,1879800.0,-63300.0,0.0,-144902.39,1671597.61,1315860.0,118230.0,53865.0,1487955.0,563940.0,183642.61,-380297.39
202401,P8,12177.0,11653.0,2191860.0,-94320.0,0.0,-154623.93,1942916.07,1583010.0,53170.0,71500.0,1707680.0,608850.0,235236.07,-373613.93
202402,P8,11559.0,10933.0,2080620.0,-112680.0,0.0,-149925.34,1818014.66,1502670.0,16380.0,63570.0,1582620.0,577950.0,235394.66,-342555.34
202403,P8,15408.0,15232.0,2773440.0,-31680.0,0.0,-147876.9,2593883.1,2003040.0,-165880.0,67600.0,1904760.0,770400.0,689123.1,-81276.9
202404,P8,11654.0,10875.0,2097720.0,-140220.0,0.0,-202319.07,1755180.93,1515020.0,-63700.0,64350.0,1515670.0,582700.0,239510.93,-343189.07
202405,P8,11869.0,11087.0,2136420.0,-140760.0,0.0,-129572.23,1866087.77,1542970.0,-125970.0,59540.0,1476540.0,593450.0,389547.77,-203902.23
202406,P8,14078.0,13205.0,2534040.0,-157140.0,0.0,-163047.15,2213852.85,1830140.0,-168090.0,74620.0,1736670.0,703900.0,477182.85,-226717.15
202407,P8,16216.0,15826.0,2918880.0,-70200.0,0.0,-211513.21,2637166.79,2108080.0,-199160.0,80210.0,1989130.0,810800.0,648036.79,-162763.21
202408,P8,11062.0,9889.0,1991160.0,-211140.0,0.0,-153723.06,1626296.94,1438060.0,-152490.0,68770.0,1354340.0,553100.0,271956.94,-281143.06
202409,P8,14978.0,12401.0,2696040.0,-463860.0,0.0,-127447.17,2104732.83,1947140.0,-335010.0,66170.0,1678300.0,748900.0,426432.83,-322467.17
202410,P8,11486.0,10879.0,2067480.0,-109260.0,0.0,-140960.14,1817259.86,1493180.0,-77220.0,58110.0,1474070.0,574300.0,343189.86,-231110.14
202411,P8,12084.0,11437.0,2175120.0,-116460.0,0.0,-189631.11,1869028.89,1570920.0,10400.0,64220.0,1645540.0,604200.0,223488.89,-380711.11
202412,P8,13155.0,13009.0,2367900.0,-26280.0,0.0,-194210.24,2147409.76,1710150.0,-39910.0,75790.0,1746030.0,657750.0,401379.76,-256370.24
