PeriodKey,ProductID,AUnits,ARev,AVC,BUnits,BRev,BCM,BPrice,ACM,VolumeEffect,MixEffect,PriceEffect,Residual,ExpectedDelta,CalculatedDelta,PVMError
202401,P1,22491,2058865.4500000002,1394442.0,22851,2285100.0,868338.0,100.0,664423.4500000002,-34449.403438284724,96873.52019316204,-190234.54999999993,-98424.11675487738,-226234.5499999998,-226234.55,-1.7462298274040222e-10
202401,P2,26691,2110625.25,1334550.0,28328,2407880.0,991480.0,85.0,776075.25,-156649.09285686692,-285401.1865868264,-158109.75000000012,302905.27944369335,-297254.75,-297254.7500000001,-1.1641532182693481e-10
202401,P3,23600,2626811.26,1888000.0,23953,2874360.0,958120.0,120.0,738811.2599999998,-33779.55392698474,573650.2190457794,-205188.74000000025,-582230.6651187949,-247548.74000000022,-247548.74000000046,-2.3283064365386963e-10
202401,P4,31933,1794630.85,1213454.0,32715,1962900.0,719730.0,60.0,581176.8500000001,-74831.7596909407,-1139777.7777631832,-121349.14999999995,1167689.5374541238,-168269.1499999999,-168269.1499999999,0.0
202401,P5,32277,2243390.52,1581573.0,34517,2588775.0,897442.0,75.0,661817.52,-214351.84361599383,-667901.0966042109,-177384.48000000013,714252.9402202049,-345384.48,-345384.48,0.0
202401,P6,23306,2105199.44,1538196.0,24296,2308120.0,704584.0,95.0,567003.44,-94735.85945528299,-16146.101479621426,-108870.56000000001,16831.960934904404,-202920.56000000006,-202920.56000000003,2.9103830456733704e-11
202401,P7,9704,1354519.8800000001,1018920.0,9869,1480350.0,444105.0,150.0,335599.8800000001,-15789.30990921383,526997.1917635696,-101080.11999999975,-535957.881854356,-125830.11999999988,-125830.12000000005,-1.7462298274040222e-10
202401,P8,11653,1942916.0699999998,1514890.0,12177,2191860.0,608850.0,180.0,428026.06999999983,-50143.020560169985,982431.9492601893,-154623.9300000001,-1026608.9287000191,-248943.93000000017,-248943.92999999993,2.3283064365386963e-10
202402,P1,29100,2717043.6,1804200.0,30555,3055500.0,1161090.0,100.0,912843.6000000001,-139233.00556306742,125339.8887386517,-192956.40000000008,-131606.8831755845,-338456.3999999999,-338456.40000000026,-3.4924596548080444e-10
202402,P2,25451,2027144.2,1272550.0,25814,2194190.0,903490.0,85.0,754594.2,-34736.48180027043,-272142.13029940124,-136190.79999999987,276023.61209967127,-167045.80000000005,-167045.80000000028,-2.3283064365386963e-10
202402,P3,21403,2362013.91,1712240.0,23237,2788440.0,929480.0,120.0,649773.9100000001,-175500.57196059494,520247.27280664473,-206346.08999999982,-564826.7008460499,-426426.08999999985,-426426.08999999997,-1.1641532182693481e-10
202402,P4,29808,1647338.77,1132704.0,30601,1836060.0,673222.0,60.0,514634.77,-75884.38035155495,-1063930.6046899748,-141141.22999999992,1092234.9850415299,-188721.22999999998,-188721.22999999998,0.0
202402,P5,27424,1918963.98,1343776.0,27607,2070525.0,717782.0,75.0,575187.98,-17511.780081128065,-567478.9996986672,-137836.02000000002,571265.7797797951,-151561.02000000002,-151561.02000000025,-2.3283064365386963e-10
202402,P6,18511,1642967.63,1221726.0,18856,1791320.0,546824.0,95.0,421241.6299999999,-33014.011628356195,-12824.186239134651,-115577.37000000021,13063.19786749105,-148352.3700000001,-148352.37,1.1641532182693481e-10
202402,P7,10758,1533244.46,1129590.0,11507,1726050.0,517815.0,150.0,403654.45999999996,-71673.89770909793,584236.9939192582,-80455.53999999992,-624913.0962101603,-192805.54000000004,-192805.53999999992,1.1641532182693481e-10
202402,P8,10933,1818014.66,1421290.0,11559,2080620.0,577950.0,180.0,396724.6599999999,-59903.68486768399,921730.7561367587,-149925.34000000014,-974507.0712690742,-262605.3400000001,-262605.3399999996,4.656612873077393e-10
202403,P1,23315,2141869.01,1445530.0,28515,2851500.0,1083570.0,100.0,696339.0099999998,-497602.49410855706,100422.66343442145,-189630.99000000025,-122820.16932586441,-709630.9900000002,-709630.9900000002,0.0
202403,P2,34806,2859705.91,1740300.0,36569,3108365.0,1279915.0,85.0,1119405.9100000001,-168706.38406026657,-372173.15575816116,-98804.08999999998,391024.5398184275,-248659.08999999985,-248659.0900000002,-3.4924596548080444e-10
202403,P3,22191,2416684.6100000003,1775280.0,29041,3484920.0,1161640.0,120.0,641404.6100000003,-655495.5932006954,539401.3563917327,-246235.38999999972,-705905.7631910373,-1068235.3899999997,-1068235.3899999997,0.0
202403,P4,38287,2104275.51,1454906.0,40411,2424660.0,889042.0,60.0,649369.5099999998,-203251.48028587986,-1366569.7484489086,-192944.49000000014,1442381.228734788,-320384.4900000002,-320384.4900000007,-4.656612873077393e-10
202403,P5,33247,2321453.9,1629103.0,33898,2542350.0,881348.0,75.0,692350.8999999999,-62296.00455089821,-687973.1003129226,-172071.10000000012,701444.1048638206,-220896.1000000001,-220896.10000000033,-2.3283064365386963e-10
202403,P6,27744,2471742.96,1831104.0,29247,2778465.0,848163.0,95.0,640638.96,-143826.25935483872,-19220.691643809183,-163937.04000000004,20261.950998647604,-306722.04000000004,-306722.0400000003,-2.9103830456733704e-10
202403,P7,12523,1751251.83,1314915.0,12827,1924050.0,577215.0,150.0,436336.8300000001,-29090.607347884878,680089.2242843346,-127198.16999999994,-696598.6169364499,-172798.16999999993,-172798.17000000016,-2.3283064365386963e-10
202403,P8,15232,2593883.1,1980160.0,15408,2773440.0,770400.0,180.0,613723.1000000001,-16841.930569828088,1284167.463411242,-147876.9,-1299005.5328414142,-179556.8999999999,-179556.90000000014,-2.3283064365386963e-10
202404,P1,29309,2722332.7300000004,1817158.0,35413,3541300.0,1345694.0,100.0,905174.7300000004,-584108.7738535831,126240.09618698085,-208567.26999999973,-152531.3223333978,-818967.2699999996,-818967.2699999998,-2.3283064365386963e-10
202404,P2,32542,2536362.56,1627100.0,32734,2782390.0,1145690.0,85.0,909262.56,-18373.015167085185,-347964.6852462817,-229707.43999999986,350017.7004133668,-246027.43999999994,-246027.43999999994,0.0
202404,P3,16977,1857466.58,1358160.0,22045,2645400.0,881800.0,120.0,499306.5800000001,-484971.04618118604,412663.54952288966,-179773.4199999999,-535852.5033417037,-787933.4199999999,-787933.4199999999,0.0
202404,P4,42145,2376827.7600000002,1601510.0,44320,2659200.0,975040.0,60.0,775317.7600000002,-208131.81243963685,-1504272.5219625265,-151872.23999999967,1581904.334402163,-282372.23999999976,-282372.24,-2.3283064365386963e-10
202404,P5,43110,3025733.22,2112390.0,43505,3262875.0,1131130.0,75.0,913343.2200000002,-37798.65099478463,-892066.0617345953,-207516.77999999994,900239.71272938,-237141.7799999998,-237141.78000000003,-2.3283064365386963e-10
202404,P6,25318,2229356.95,1670988.0,28003,2660285.0,812087.0,95.0,558368.9500000002,-256935.1339772069,-17539.98958470159,-175853.05,19400.12356190849,-430928.0499999998,-430928.05,-1.7462298274040222e-10
202404,P7,11159,1560781.78,1171695.0,11963,1794450.0,538335.0,150.0,389086.78,-76937.00101216922,606014.1862005022,-113068.21999999996,-649677.1851883333,-233668.21999999997,-233668.2200000002,-2.3283064365386963e-10
202404,P8,10875,1755180.93,1413750.0,11654,2097720.0,582700.0,180.0,341430.92999999993,-74544.68132895499,916840.9378018157,-202319.0700000001,-982516.2564728602,-342539.07000000007,-342539.0699999996,4.656612873077393e-10
202405,P1,24929,2330241.41,1545598.0,29271,2927100.0,1112298.0,100.0,784643.4100000001,-415498.08258064516,107374.50468611163,-162658.58999999994,-126076.42210546648,-596858.5899999999,-596858.59,-1.1641532182693481e-10
202405,P2,28697,2284255.9099999997,1434850.0,30082,2556970.0,1052870.0,85.0,849405.9099999997,-132534.5104500676,-306850.91796793515,-154989.0900000003,321660.42841800256,-272714.0900000003,-272714.09000000055,-2.3283064365386963e-10
202405,P3,20435,2302129.25,1634800.0,24409,2929080.0,976360.0,120.0,667329.25,-380283.1368437319,496717.8909406992,-150070.74999999997,-593314.7540969672,-626950.75,-626950.7499999999,1.1641532182693481e-10
202405,P4,29568,1651954.4100000001,1123584.0,31406,1884360.0,690932.0,60.0,528370.4100000001,-175883.3431099092,-1055364.3357311185,-122125.58999999982,1120967.6788410277,-232405.58999999985,-232405.58999999985,0.0
202405,P5,33936,2320017.38,1662864.0,35532,2664900.0,923832.0,75.0,657153.3799999999,-152725.6885763956,-702230.4307823064,-225182.62000000017,735256.1193587021,-344882.6200000001,-344882.6200000001,0.0
202405,P6,23614,2096852.65,1558524.0,27083,2572885.0,785407.0,95.0,538328.6499999999,-331958.27924280474,-16359.479976820576,-146477.3500000002,18762.7592196255,-476032.3500000001,-476032.35000000003,5.820766091346741e-11
202405,P7,11785,1633543.88,1237425.0,12657,1898550.0,569565.0,150.0,396118.8799999999,-83444.11055051188,640010.5013328182,-134206.12000000008,-687366.3907823064,-265006.1200000001,-265006.1200000002,-1.1641532182693481e-10
202405,P8,11087,1866087.77,1441310.0,11869,2136420.0,593450.0,180.0,424777.77,-74831.7596909407,934714.0668881591,-129572.23000000008,-1000642.3071972188,-270332.23,-270332.23000000045,-4.656612873077393e-10
202406,P1,22071,2022558.59,1368402.0,26001,2600100.0,988038.0,100.0,654156.5900000001,-376072.65420127485,95064.49087116089,-184541.4099999999,-111991.83666988625,-577541.4099999999,-577541.4100000001,-2.3283064365386963e-10
202406,P2,25636,2034920.74,1281800.0,27208,2312680.0,952280.0,85.0,753120.74,-150429.06168050994,-274120.2959551864,-144139.26000000007,290929.3576356962,-277759.26,-277759.26000000024,-2.3283064365386963e-10
202406,P3,16833,1924108.29,1346640.0,19802,2376240.0,792080.0,120.0,577468.29,-284111.88557852036,409163.3108982036,-95851.71000000005,-481331.4253196833,-452131.70999999996,-452131.7100000001,-1.1641532182693481e-10
202406,P4,37143,2063923.72,1411434.0,37573,2254380.0,826606.0,60.0,652489.72,-41147.898551284525,-1325737.1997450262,-164656.28000000003,1341085.0982963105,-190456.28000000003,-190456.28000000026,-2.3283064365386963e-10
202406,P5,42619,2957456.66,2088331.0,45798,3434850.0,1190748.0,75.0,869125.6600000001,-304207.3709175198,-881905.9031562682,-238968.33999999965,947688.2740737877,-477393.33999999985,-477393.33999999985,0.0
202406,P6,23278,2020339.21,1536348.0,27026,2567470.0,783754.0,95.0,483991.20999999996,-358656.56690747535,-16126.703434421503,-191070.79000000012,18723.270341896918,-547130.79,-547130.79,0.0
202406,P7,11308,1557374.0599999998,1187340.0,11639,1745850.0,523755.0,150.0,370034.0599999998,-31674.31260575623,614105.9608885455,-138825.94000000012,-632081.6482827894,-188475.94000000018,-188475.94000000024,-5.820766091346741e-11
202406,P8,13205,2213852.8499999996,1716650.0,14078,2534040.0,703900.0,180.0,497202.8499999996,-83539.80333784045,1113276.7433262507,-163047.15000000023,-1186876.93998841,-320187.1500000004,-320187.15000000014,2.3283064365386963e-10
202407,P1,30595,2867656.37,1896890.0,36666,3666600.0,1393308.0,100.0,970766.3700000001,-580950.9118717404,131779.17168244155,-191843.62999999992,-157928.259810701,-798943.6299999999,-798943.6299999998,1.1641532182693481e-10
202407,P2,40606,3170135.24,2030300.0,42424,3606040.0,1484840.0,85.0,1139835.2400000002,-173969.48736333783,-434191.32226385945,-281374.7599999997,453630.8096271977,-435904.7599999998,-435904.7599999993,4.656612873077393e-10
202407,P3,20745,2368463.3899999997,1659600.0,26999,3239880.0,1079960.0,120.0,708863.3899999997,-598462.6919528685,504253.1268688429,-120936.6100000003,-656270.4349159747,-871416.6100000003,-871416.6100000006,-2.3283064365386963e-10
202407,P4,41365,2307019.5300000003,1571870.0,43151,2589060.0,949322.0,60.0,735149.5300000003,-170907.31816882364,-1476432.147846243,-174880.46999999965,1540179.4660150665,-282040.46999999974,-282040.47,-2.3283064365386963e-10
202407,P5,40731,2791302.08,1995819.0,42850,3213750.0,1114100.0,75.0,795483.0800000001,-202773.016349237,-842837.9206799305,-263522.9199999998,886685.9370291675,-422447.9199999999,-422447.9199999999,0.0
202407,P6,20721,1847993.76,1367586.0,24442,2321990.0,708818.0,95.0,480407.76,-356072.86164960405,-14355.246235271414,-120501.24000000005,16933.1078848755,-473996.24,-473996.24,0.0
202407,P7,14314,2003981.5899999999,1502970.0,14348,2152200.0,645660.0,150.0,501011.58999999985,-3253.5547691713346,777353.4421788681,-143118.41000000024,-779199.8874096968,-148218.41000000015,-148218.41000000027,-1.1641532182693481e-10
202407,P8,15826,2637166.79,2057380.0,16216,2918880.0,810800.0,180.0,579786.79,-37320.18705814178,1334245.9477380721,-211513.2100000001,-1367125.7606799304,-281713.20999999996,-281713.2100000002,-2.3283064365386963e-10
202408,P1,23607,2200398.35,1463634.0,28290,2829000.0,1075020.0,100.0,736764.3500000001,-448129.3230596871,101680.36953447941,-160301.64999999994,-121851.04647479253,-628601.6499999999,-628601.6500000001,-2.3283064365386963e-10
202408,P2,37788,3048017.27,1889400.0,46380,3942300.0,1623300.0,85.0,1158617.27,-822192.4287270621,-404059.0475719529,-163962.72999999975,495931.4762990144,-894282.73,-894282.7300000002,-2.3283064365386963e-10
202408,P3,22637,2544293.5,1810960.0,29847,3581640.0,1193880.0,120.0,733333.5,-689944.9966389801,550242.373243191,-172146.50000000012,-725497.3766042106,-1037346.5,-1037346.4999999998,2.3283064365386963e-10
202408,P4,39893,2267754.43,1515934.0,42225,2533500.0,928950.0,60.0,751820.4300000002,-223155.58005022214,-1423892.36489859,-125825.56999999992,1507127.944948812,-265745.56999999983,-265745.56999999983,0.0
202408,P5,41196,2867472.54,2018604.0,44320,3324000.0,1152320.0,75.0,848868.54,-298944.2676144485,-852460.066787715,-222227.45999999973,917104.3344021633,-456527.45999999996,-456527.45999999996,0.0
202408,P6,24100,2160169.43,1590600.0,27760,2637200.0,805040.0,95.0,569569.4300000002,-350235.60162256134,-16696.17461850495,-129330.5699999999,19231.7762410664,-477030.56999999983,-477030.5699999998,5.820766091346741e-11
202408,P7,13847,1921640.58,1453935.0,14200,2130000.0,639000.0,150.0,467705.5800000001,-33779.55392698474,751991.9738613096,-155409.41999999978,-771162.4199343249,-208359.41999999993,-208359.41999999993,0.0
202408,P8,9889,1626296.9400000002,1285570.0,11062,1991160.0,553100.0,180.0,340726.9400000002,-112247.63953641105,833714.0261077845,-153723.05999999982,-932606.3865713731,-364863.0599999998,-364863.0599999995,3.4924596548080444e-10
202409,P1,32086,2972492.71,1989332.0,39299,3929900.0,1493362.0,100.0,983160.71,-690232.0750009659,138201.22577554564,-236107.29000000027,-169269.1507745795,-957407.29,-957407.29,0.0
202409,P2,28005,2196567.21,1400250.0,33179,2820215.0,1161265.0,85.0,796317.21,-495114.4816380143,-299451.5091365656,-183857.78999999986,354775.9907745796,-623647.79,-623647.7900000003,-2.3283064365386963e-10
202409,P3,19964,2229694.75,1597120.0,25919,3110280.0,1036760.0,120.0,632574.75,-569850.5485416264,485269.1937724551,-165985.24999999994,-630018.6452308288,-880585.25,-880585.25,0.0
202409,P4,30532,1693482.51,1160216.0,32415,1944900.0,713130.0,60.0,533266.51,-180189.5185396948,-1089772.1827158586,-138437.4899999999,1156981.7012555534,-251417.49,-251417.49,0.0
202409,P5,41804,2907483.8600000003,2048396.0,44928,3369600.0,1168128.0,75.0,859087.8600000003,-298944.2676144485,-865041.2814834847,-227816.1399999999,929685.5490979331,-462116.13999999966,-462116.1399999999,-2.3283064365386963e-10
202409,P6,21957,1957812.5899999999,1449162.0,26138,2483110.0,758002.0,95.0,508650.58999999985,-400091.5438207456,-15211.53137338229,-128102.41000000005,18108.075194127858,-525297.4100000001,-525297.4100000001,0.0
202409,P7,12885,1799329.29,1352925.0,13783,2067450.0,620235.0,150.0,446404.29000000004,-85932.12302105466,699748.4352713927,-133420.70999999988,-748516.312250338,-268120.70999999996,-268120.70999999985,1.1641532182693481e-10
202409,P8,12401,2104732.83,1612130.0,14978,2696040.0,748900.0,180.0,492602.8300000001,-246600.31294572147,1045493.7443384199,-127447.17000000009,-1262753.431392698,-591307.1699999999,-591307.1699999997,2.3283064365386963e-10
202410,P1,30642,2895922.92,1899804.0,36644,3664400.0,1392472.0,100.0,996118.9199999999,-574348.1095460692,131981.6106779988,-168277.08000000002,-157833.50113192992,-768477.0800000001,-768477.0800000003,-2.3283064365386963e-10
202410,P2,32663,2560331.2800000003,1633150.0,34389,2923065.0,1203615.0,85.0,927181.2800000003,-165165.75092910952,-349258.51251303847,-216023.7199999995,367714.26344214845,-362733.71999999974,-362733.71999999904,6.984919309616089e-10
202410,P3,19183,2111994.12,1534640.0,23889,2866680.0,955560.0,120.0,577354.1200000001,-450330.25716824416,466285.2606760672,-189965.88,-580675.0035078232,-754685.8799999999,-754685.8800000001,-2.3283064365386963e-10
202410,P4,42723,2468490.25,1623474.0,44369,2662140.0,976118.0,60.0,845016.25,-157510.32794282402,-1524902.9530384394,-94889.74999999999,1583653.2809812634,-193649.75,-193649.75,0.0
202410,P5,45519,3170393.46,2230431.0,46923,3519225.0,1219998.0,75.0,939962.46,-134352.6734093104,-941914.9864091174,-243531.53999999998,970967.6598184276,-348831.54000000004,-348831.54000000004,0.0
202410,P6,26029,2275701.5,1717914.0,27566,2618770.0,799414.0,95.0,557787.5,-147079.81412401004,-18032.561375313915,-197053.50000000015,19097.37549932394,-343068.5,-343068.5000000001,-1.1641532182693481e-10
202410,P7,11281,1568875.68,1184505.0,11711,1756650.0,526995.0,150.0,384370.67999999993,-41147.898551284525,612639.6661464168,-123274.32000000004,-635991.7675951326,-187774.32000000007,-187774.3200000004,-3.4924596548080444e-10
202410,P8,10879,1817259.86,1414270.0,11486,2067480.0,574300.0,180.0,402989.8600000001,-58085.52190844118,917178.1666525014,-140960.13999999975,-968352.6447440607,-250220.1399999999,-250220.14000000025,-3.4924596548080444e-10
202411,P1,23082,2142747.15,1431084.0,24019,2401900.0,912722.0,100.0,711663.1499999999,-89664.14172686884,99419.08288197796,-165452.85000000015,-103454.94115510909,-259152.8500000001,-259152.85000000012,-2.9103830456733704e-11
202411,P2,26280,2095645.3199999998,1314000.0,26609,2261765.0,931315.0,85.0,781645.3199999998,-31482.927031099094,-281006.45099478465,-138154.68,284524.37802588334,-166119.68000000017,-166119.6800000004,-2.3283064365386963e-10
202411,P3,21981,2370285.29,1758480.0,25461,3055320.0,1018440.0,120.0,611805.29,-333010.89990341896,534296.841730732,-267434.70999999996,-618885.941827313,-685034.71,-685034.71,0.0
202411,P4,32358,1812537.19,1229604.0,34427,2065620.0,757394.0,60.0,582933.19,-197988.37698280858,-1154947.212377825,-128942.81000000016,1228795.5893606339,-253082.81000000006,-253082.80999999982,2.3283064365386963e-10
202411,P5,38277,2682791.81,1875573.0,40684,3051300.0,1057784.0,75.0,807218.81,-230332.53909986478,-792057.820575623,-187983.19000000006,841865.3596754875,-368508.18999999994,-368508.1900000004,-4.656612873077393e-10
202411,P6,21852,1932076.06,1442232.0,25361,2409295.0,735469.0,95.0,489844.06000000006,-335785.99073594745,-15138.78870388258,-143863.94,17569.77943982999,-477218.93999999994,-477218.94000000006,-1.1641532182693481e-10
202411,P7,10497,1476607.4,1102185.0,10734,1610100.0,483030.0,150.0,374422.3999999999,-22679.190596870776,570062.8114120146,-97942.60000000005,-582933.6208151439,-133492.6000000001,-133492.60000000003,5.820766091346741e-11
202411,P8,11437,1869028.8900000001,1486810.0,12084,2175120.0,604200.0,180.0,382218.89000000013,-61913.23340158393,964221.5913231601,-189631.10999999972,-1018768.3579215761,-306091.10999999987,-306091.10999999975,1.1641532182693481e-10
202412,P1,25431,2318419.86,1576722.0,30304,3030400.0,1151552.0,100.0,741697.8599999999,-466310.95265211514,109536.72544717015,-224680.14000000025,-130525.7727950546,-711980.1400000001,-711980.1399999999,2.3283064365386963e-10
202412,P2,29023,2253398.56,1451150.0,30899,2626415.0,1081465.0,85.0,802248.56,-179519.66902839483,-310336.7666370485,-213556.43999999992,330396.43566544354,-373016.43999999994,-373016.4399999997,2.3283064365386963e-10
202412,P3,21229,2399865.52,1698320.0,25262,3031440.0,1010480.0,120.0,701545.52,-385929.01129611745,516017.8178018157,-147614.48000000007,-614048.8065056978,-631574.48,-631574.4799999996,3.4924596548080444e-10
202412,P4,31052,1699526.9100000001,1179976.0,32161,1929660.0,707542.0,60.0,519550.91000000015,-106123.30114738265,-1108332.4321267144,-163593.08999999982,1147915.733274097,-230133.08999999985,-230133.08999999985,0.0
202412,P5,27166,1878709.8900000001,1331134.0,27352,2051400.0,711152.0,75.0,547575.8900000001,-17798.85844311377,-562140.2605678965,-158740.11000000004,565989.1190110105,-172690.10999999987,-172690.10999999987,0.0
202412,P6,22223,1950133.96,1466718.0,23231,2206945.0,673699.0,95.0,483415.95999999996,-96458.32962719722,-15395.812802781555,-161051.04,16094.14242997882,-256811.04000000004,-256811.03999999998,5.820766091346741e-11
202412,P7,12110,1671597.6099999999,1271550.0,12532,1879800.0,563940.0,150.0,400047.60999999987,-40382.356252655976,657660.3454510334,-144902.39000000016,-680577.9891983774,-208202.39000000013,-208202.39,1.1641532182693481e-10
202412,P8,13009,2147409.7600000002,1691170.0,13155,2367900.0,657750.0,180.0,456239.76000000024,-13971.146949971026,1096752.5296426502,-194210.23999999993,-1109061.3826926788,-220490.23999999976,-220490.23999999976,0.0
