PeriodKey,ProductID,SamePeriodShip,Opening,GoodProduction,FirmDemand,Shipments,Closing,LostVsDemand
202401,P1,1,889,22513,22491,22491,911,0
202401,P2,1,1068,29702,26691,26691,4079,0
202401,P3,1,1088,23178,23600,23600,666,0
202401,P4,1,2146,42782,31933,31933,12995,0
202401,P5,1,2193,37476,32277,32277,7392,0
202401,P6,1,1672,24519,23306,23306,2885,0
202401,P7,1,726,12609,9704,9704,3631,0
202401,P8,1,875,12586,11653,11653,1808,0
202402,P1,1,911,28680,29100,29100,491,0
202402,P2,1,4079,27237,25451,25451,5865,0
202402,P3,1,666,20737,22090,21403,0,687
202402,P4,1,12995,42536,29808,29808,25723,0
202402,P5,1,7392,35111,27424,27424,15079,0
202402,P6,1,2885,19552,18511,18511,3926,0
202402,P7,1,3631,12961,10758,10758,5834,0
202402,P8,1,1808,11685,10933,10933,2560,0
202403,P1,1,491,22824,27637,23315,0,4322
202403,P2,1,5865,34032,34806,34806,5091,0
202403,P3,1,0,22191,27344,22191,0,5153
202403,P4,1,25723,48300,38287,38287,35736,0
202403,P5,1,15079,36516,33247,33247,18348,0
202403,P6,1,3926,25043,27744,27744,1225,0
202403,P7,1,5834,14546,12523,12523,7857,0
202403,P8,1,2560,14132,15232,15232,1460,0
202404,P1,1,0,29309,34204,29309,0,4895
202404,P2,1,5091,32210,32542,32542,4759,0
202404,P3,1,0,16977,20588,16977,0,3611
202404,P4,1,35736,53382,42145,42145,46973,0
202404,P5,1,18348,45267,43110,43110,20505,0
202404,P6,1,1225,24093,26262,25318,0,944
202404,P7,1,7857,12670,11159,11159,9368,0
202404,P8,1,1460,11164,10875,10875,1749,0
202405,P1,1,0,24929,28929,24929,0,4000
202405,P2,1,4759,29527,28697,28697,5589,0
202405,P3,1,0,20435,24117,20435,0,3682
202405,P4,1,46973,37542,29568,29568,54947,0
202405,P5,1,20505,38051,33936,33936,24620,0
202405,P6,1,0,23614,25173,23614,0,1559
202405,P7,1,9368,14280,11785,11785,11863,0
202405,P8,1,1749,10900,11087,11087,1562,0
202406,P1,1,0,22071,24766,22071,0,2695
202406,P2,1,5589,23458,25636,25636,3411,0
202406,P3,1,0,16833,19131,16833,0,2298
202406,P4,1,54947,45227,37143,37143,63031,0
202406,P5,1,24620,43053,42619,42619,25054,0
202406,P6,1,0,23278,26822,23278,0,3544
202406,P7,1,11863,12626,11308,11308,13181,0
202406,P8,1,1562,12785,13205,13205,1142,0
202407,P1,1,0,30595,36311,30595,0,5716
202407,P2,1,3411,37195,42023,40606,0,1417
202407,P3,1,0,20745,25960,20745,0,5215
202407,P4,1,63031,48292,41365,41365,69958,0
202407,P5,1,25054,40344,40731,40731,24667,0
202407,P6,1,0,20721,23787,20721,0,3066
202407,P7,1,13181,14509,14314,14314,13376,0
202407,P8,1,1142,14684,15870,15826,0,44
202408,P1,1,0,23607,28214,23607,0,4607
202408,P2,1,0,37788,44798,37788,0,7010
202408,P3,1,0,22637,29274,22637,0,6637
202408,P4,1,69958,46165,39893,39893,76230,0
202408,P5,1,24667,38935,41196,41196,22406,0
202408,P6,1,0,24100,27476,24100,0,3376
202408,P7,1,13376,13701,13847,13847,13230,0
202408,P8,1,0,9889,10811,9889,0,922
202409,P1,1,0,32086,36891,32086,0,4805
202409,P2,1,0,28005,31613,28005,0,3608
202409,P3,1,0,19964,24455,19964,0,4491
202409,P4,1,76230,33940,30532,30532,79638,0
202409,P5,1,22406,42018,41804,41804,22620,0
202409,P6,1,0,21957,24965,21957,0,3008
202409,P7,1,13230,13074,12885,12885,13419,0
202409,P8,1,0,12401,14534,12401,0,2133
202410,P1,1,0,30642,35843,30642,0,5201
202410,P2,1,0,32663,33913,32663,0,1250
202410,P3,1,0,19183,22290,19183,0,3107
202410,P4,1,79638,49243,42723,42723,86158,0
202410,P5,1,22620,50654,45519,45519,27755,0
202410,P6,1,0,26029,27430,26029,0,1401
202410,P7,1,13419,11983,11281,11281,14121,0
202410,P8,1,0,10892,10879,10879,13,0
202411,P1,1,0,23082,23304,23082,0,222
202411,P2,1,0,28588,26280,26280,2308,0
202411,P3,1,0,21981,24111,21981,0,2130
202411,P4,1,86158,41602,32358,32358,95402,0
202411,P5,1,27755,41706,38277,38277,31184,0
202411,P6,1,0,21852,23648,21852,0,1796
202411,P7,1,14121,12075,10497,10497,15699,0
202411,P8,1,13,12164,11437,11437,740,0
202412,P1,1,0,25431,28477,25431,0,3046
202412,P2,1,2308,29720,29023,29023,3005,0
202412,P3,1,0,21229,24019,21229,0,2790
202412,P4,1,95402,41716,31052,31052,106066,0
202412,P5,1,31184,32581,27166,27166,36599,0
202412,P6,1,0,22223,23154,22223,0,931
202412,P7,1,15699,13658,12110,12110,17247,0
202412,P8,1,740,12848,13009,13009,579,0
202401,P1,0,889,22513,22491,889,22513,21602
202401,P2,0,1068,29702,26691,1068,29702,25623
202401,P3,0,1088,23178,23600,1088,23178,22512
202401,P4,0,2146,42782,31933,2146,42782,29787
202401,P5,0,2193,37476,32277,2193,37476,30084
202401,P6,0,1672,24519,23306,1672,24519,21634
202401,P7,0,726,12609,9704,726,12609,8978
202401,P8,0,875,12586,11653,875,12586,10778
202402,P1,0,22513,28680,29100,22513,28680,6587
202402,P2,0,29702,27237,25451,25451,31488,0
202402,P3,0,23178,20737,22090,22090,21825,0
202402,P4,0,42782,42536,29808,29808,55510,0
202402,P5,0,37476,35111,27424,27424,45163,0
202402,P6,0,24519,19552,18511,18511,25560,0
202402,P7,0,12609,12961,10758,10758,14812,0
202402,P8,0,12586,11685,10933,10933,13338,0
202403,P1,0,28680,22824,27637,27637,23867,0
202403,P2,0,31488,34032,34806,31488,34032,3318
202403,P3,0,21825,22191,27344,21825,22191,5519
202403,P4,0,55510,48300,38287,38287,65523,0
202403,P5,0,45163,36516,33247,33247,48432,0
202403,P6,0,25560,25043,27744,25560,25043,2184
202403,P7,0,14812,14546,12523,12523,16835,0
202403,P8,0,13338,14132,15232,13338,14132,1894
202404,P1,0,23867,29309,34204,23867,29309,10337
202404,P2,0,34032,32210,32542,32542,33700,0
202404,P3,0,22191,16977,20588,20588,18580,0
202404,P4,0,65523,53382,42145,42145,76760,0
202404,P5,0,48432,45267,43110,43110,50589,0
202404,P6,0,25043,24093,26262,25043,24093,1219
202404,P7,0,16835,12670,11159,11159,18346,0
202404,P8,0,14132,11164,10875,10875,14421,0
202405,P1,0,29309,24929,28929,28929,25309,0
202405,P2,0,33700,29527,28697,28697,34530,0
202405,P3,0,18580,20435,24117,18580,20435,5537
202405,P4,0,76760,37542,29568,29568,84734,0
202405,P5,0,50589,38051,33936,33936,54704,0
202405,P6,0,24093,23614,25173,24093,23614,1080
202405,P7,0,18346,14280,11785,11785,20841,0
202405,P8,0,14421,10900,11087,11087,14234,0
202406,P1,0,25309,22071,24766,24766,22614,0
202406,P2,0,34530,23458,25636,25636,32352,0
202406,P3,0,20435,16833,19131,19131,18137,0
202406,P4,0,84734,45227,37143,37143,92818,0
202406,P5,0,54704,43053,42619,42619,55138,0
202406,P6,0,23614,23278,26822,23614,23278,3208
202406,P7,0,20841,12626,11308,11308,22159,0
202406,P8,0,14234,12785,13205,13205,13814,0
202407,P1,0,22614,30595,36311,22614,30595,13697
202407,P2,0,32352,37195,42023,32352,37195,9671
202407,P3,0,18137,20745,25960,18137,20745,7823
202407,P4,0,92818,48292,41365,41365,99745,0
202407,P5,0,55138,40344,40731,40731,54751,0
202407,P6,0,23278,20721,23787,23278,20721,509
202407,P7,0,22159,14509,14314,14314,22354,0
202407,P8,0,13814,14684,15870,13814,14684,2056
202408,P1,0,30595,23607,28214,28214,25988,0
202408,P2,0,37195,37788,44798,37195,37788,7603
202408,P3,0,20745,22637,29274,20745,22637,8529
202408,P4,0,99745,46165,39893,39893,106017,0
202408,P5,0,54751,38935,41196,41196,52490,0
202408,P6,0,20721,24100,27476,20721,24100,6755
202408,P7,0,22354,13701,13847,13847,22208,0
202408,P8,0,14684,9889,10811,10811,13762,0
202409,P1,0,25988,32086,36891,25988,32086,10903
202409,P2,0,37788,28005,31613,31613,34180,0
202409,P3,0,22637,19964,24455,22637,19964,1818
202409,P4,0,106017,33940,30532,30532,109425,0
202409,P5,0,52490,42018,41804,41804,52704,0
202409,P6,0,24100,21957,24965,24100,21957,865
202409,P7,0,22208,13074,12885,12885,22397,0
202409,P8,0,13762,12401,14534,13762,12401,772
202410,P1,0,32086,30642,35843,32086,30642,3757
202410,P2,0,34180,32663,33913,33913,32930,0
202410,P3,0,19964,19183,22290,19964,19183,2326
202410,P4,0,109425,49243,42723,42723,115945,0
202410,P5,0,52704,50654,45519,45519,57839,0
202410,P6,0,21957,26029,27430,21957,26029,5473
202410,P7,0,22397,11983,11281,11281,23099,0
202410,P8,0,12401,10892,10879,10879,12414,0
202411,P1,0,30642,23082,23304,23304,30420,0
202411,P2,0,32930,28588,26280,26280,35238,0
202411,P3,0,19183,21981,24111,19183,21981,4928
202411,P4,0,115945,41602,32358,32358,125189,0
202411,P5,0,57839,41706,38277,38277,61268,0
202411,P6,0,26029,21852,23648,23648,24233,0
202411,P7,0,23099,12075,10497,10497,24677,0
202411,P8,0,12414,12164,11437,11437,13141,0
202412,P1,0,30420,25431,28477,28477,27374,0
202412,P2,0,35238,29720,29023,29023,35935,0
202412,P3,0,21981,21229,24019,21981,21229,2038
202412,P4,0,125189,41716,31052,31052,135853,0
202412,P5,0,61268,32581,27166,27166,66683,0
202412,P6,0,24233,22223,23154,23154,23302,0
202412,P7,0,24677,13658,12110,12110,26225,0
202412,P8,0,13141,12848,13009,13009,12980,0
